drug_name,embedding_0,embedding_1,embedding_2,embedding_3,embedding_4,embedding_5,embedding_6,embedding_7,embedding_8,embedding_9,embedding_10,embedding_11,embedding_12,embedding_13,embedding_14,embedding_15
enalaprilat (dihydrate),0.035683338,0.0,0.0,0.12570255,0.46157944,0.68940926,0.08351806,0.0,0.0,0.0,0.0,0.0,0.0,0.0,0.0,2.544791
sertraline (hydrochloride),0.0,1.3203832,0.0,0.0,0.0,0.0,0.0,0.07187157,0.0,0.0,0.0,5.766505,0.0,0.0,0.0,0.0
clindamycin (hydrochloride),0.68951863,0.0,0.50649166,0.9333622,0.42229787,0.5350913,2.4483309,0.6437195,0.0,0.0,0.0,0.0,0.0,0.0,0.0,0.0
ketotifen (fumarate),0.19506048,0.45160657,0.0,0.0,0.0,0.1413867,0.0,0.0,0.0,0.0,0.0,0.0,0.0,0.0,0.0,2.2569108
vecuronium (bromide),1.2901516,0.39441615,0.036237556,0.0,0.0,0.0,3.074411,0.0,0.0,0.0,0.0,0.0,0.0,0.0,0.0,0.71711946
azilsartan,0.7403156,0.8141786,0.8147448,0.0,0.5235781,0.7490116,0.0,2.0940995,0.0,0.0,0.0,0.07392249,0.0,0.0,0.0,0.0
pantoprazole (sodium),0.012117536,0.0,0.0,0.0,0.17734134,0.06060784,0.0,0.0,0.0,0.0,0.0,0.0,0.0,0.0,0.0,2.0267773
terazosin (hydrochloride dihydrate),0.7146316,0.0,0.9965868,0.0,0.0,1.1535816,0.0,0.9280507,0.0,0.0,0.0,0.0,0.0,0.0,0.0,0.0
tirofiban (hydrochloride monohydrate),0.87584805,0.30751324,0.060224403,0.9675371,1.6790063,0.7152697,0.0,0.0,0.0,0.0,0.0,0.0,0.0,0.0,0.0,0.0
sitagliptin,0.0,0.0,0.0,0.0,0.0,0.0,0.0,0.0,0.0,0.0,0.0,0.0,0.0,0.0,0.0,0.0
amodiaquine (dihydrochloride dihydrate),0.4227345,0.9296206,0.0,0.043186072,0.15395221,0.4712974,0.0,0.0,0.0,0.0,0.0,0.0,0.0,0.0,0.0,0.0
rabeprazole (sodium),0.054658104,0.0,0.0,0.0,0.3707824,0.0,0.0,0.017696815,0.0,0.0,0.0,0.0,0.0,0.0,0.0,0.0
guanfacine (hydrochloride),0.0,0.0,0.0,0.11591701,0.0,0.0,0.0,0.0,0.0,0.0,0.0,0.0,0.0,0.0,0.0,0.0
clopidogrel,0.0,0.4662487,0.0,0.0,0.0,0.0,0.0,0.0,0.0,0.0,0.0,0.0,0.0,0.0,0.0,2.4628577
aminophylline,0.5469496,0.0,2.112774,0.8182257,0.0,2.2240732,0.0,0.0,0.0,0.0,0.0,0.0,0.0,0.0,0.0,0.0
verapamil (hydrochloride),0.59916836,1.0009418,0.0,0.0,1.4419235,0.0,0.0,0.0,0.0,0.0,0.0,0.0,0.0,0.0,0.0,2.0089493
chlorpheniramine (maleate),0.32089597,0.58368987,0.0,0.0,0.2824738,0.0026399668,0.0,0.0,0.0,0.0,0.0,0.0,0.0,0.0,0.0,0.0
ibuprofen piconol,0.0,0.50706804,0.0,0.0,0.0,0.0,0.0,0.0,0.0,0.0,0.0,0.0,0.0,0.0,0.0,0.0
piperacillin (sodium),0.80566275,0.0,1.0781536,0.06380485,0.0,1.1765319,0.94515747,0.0,0.0,0.0,0.0,0.0,0.0,0.0,0.0,0.0
pancuronium (dibromide),1.6921103,0.0,0.0,0.0,0.0,0.0,3.051862,0.0,0.0,0.0,0.0,0.0,0.0,0.0,0.0,0.0
cyproheptadine (hydrochloride),0.0,1.0683447,0.0,0.0,0.0,0.0,0.0,0.0,0.0,0.0,0.0,0.0,0.0,0.0,0.0,0.0
levamisole (hydrochloride),0.0,0.0,0.0,0.0,0.0,0.0,0.047646686,0.0,0.0,0.0,0.0,0.0,0.0,0.0,0.0,0.0
dobutamine (hydrochloride),0.010425318,0.5530808,0.0,0.8204635,0.0,0.0,0.0,0.0,0.0,0.0,0.0,0.0,0.0,0.0,0.0,0.0
umeclidinium (bromide),0.41873613,0.22775319,0.0,0.0,0.7905081,0.0,0.16680327,0.0,0.0,0.0,0.0,0.0,0.0,0.0,0.0,0.0
levocarnitine propionate (hydrochloride),0.0,0.0,0.0,0.0,0.0,0.0,0.0,0.0,0.0,0.0,0.0,0.0,0.0,0.0,0.0,0.0
ranitidine (hydrochloride),0.103797175,0.0,0.4082886,0.013799495,0.97629577,0.120392464,0.0,0.0,0.0,0.0,0.0,0.0,0.0,0.0,0.0,0.0
tafenoquine (succinate),1.3417797,1.2523768,1.1101105,1.3185937,1.553485,1.0404782,0.0,0.0,0.0,0.0,0.0,0.0,0.0,0.0,0.0,0.0
betamethasone dipropionate,0.85050523,0.082418725,0.62520534,0.0,0.0,0.16906297,1.639175,0.0,0.0,0.0,0.0,0.0,0.0,0.0,0.0,0.0
atazanavir (sulfate),2.2700846,0.6085653,2.0987127,2.660387,1.9592127,2.4225347,0.4628315,0.0,0.0,0.0,0.0,0.0,0.0,0.0,0.0,0.0
(r)-(-)-ibuprofen,0.0,0.19664279,0.0,0.0,0.0,0.0,0.0,0.0,0.0,0.0,0.0,0.0,0.0,0.0,0.0,0.0
cefditoren (pivoxil),1.3094405,0.0,2.7443533,0.0,0.62875575,1.6364106,0.2114755,0.0,0.0,0.0,0.0,0.0,0.0,0.0,0.0,0.0
montelukast (sodium),1.118909,1.0055516,0.0,0.0,1.2011646,0.0,0.0,0.0,0.0,0.0,0.0,0.0,0.0,0.0,0.0,0.0
clonidine (hydrochloride),0.0,0.03723164,0.0,0.0,0.0,0.0,0.0,0.0,0.0,0.0,0.0,0.0,0.0,0.0,0.0,0.0
(s)-timolol (maleate),0.51138973,0.0,1.5272789,1.2166239,0.61412644,1.3585073,0.0,0.0,0.0,0.0,0.0,0.0,0.0,0.0,0.0,0.0
diclofenac,0.0,0.51703703,0.0,0.0,0.0,0.0,0.0,0.0,0.0,0.0,0.0,0.0,0.0,0.0,0.0,0.0
amoxicillin (sodium),0.11999778,0.0,0.63930196,0.7044639,0.0,0.88729674,0.667729,0.0,0.0,0.0,0.0,0.0,0.0,0.0,0.0,0.0
liothyronine (sodium),1.0551698,0.0,0.029629203,0.0,0.0,0.33146602,0.22875156,0.0,0.0,0.0,0.0,0.0,0.0,0.0,0.0,0.0
cefepime (dihydrochloride monohydrate),1.1176059,0.0,1.1319208,0.5091037,0.37821072,1.6323439,0.0,0.0,0.0,0.0,0.0,0.0,0.0,0.0,0.0,0.0
s-ruxolitinib (incb018424),0.0,0.13460244,0.0,0.0,0.0,0.0,0.0,0.0,0.0,0.0,0.0,0.0,0.0,0.0,0.0,0.0
nicardipine (hydrochloride),0.89781845,0.705162,0.78260857,0.0,0.6334138,0.20727012,0.0,0.0,0.0,0.0,0.0,0.0,0.0,0.0,0.0,0.0
adenosine,0.0,0.0,0.91657716,0.922866,0.0,0.7228399,0.7196977,0.0,0.0,0.0,0.0,0.0,0.0,0.0,0.0,0.0
sodium salicylate,0.0,0.0,0.0,0.0,0.0,0.0,0.0,0.0,0.0,0.0,0.0,0.0,0.0,0.0,0.0,0.0
tamoxifen (citrate),1.0819894,0.95257616,0.2472191,1.016079,1.5873547,0.9614206,0.0,1.7702702,0.0,0.0,0.0,0.8902784,0.0,0.0,0.0,0.0
liothyronine,0.89538884,0.65780663,0.0,0.72146285,0.0,0.3419791,0.0,1.6777449,0.0,0.0,0.0,0.0,0.0,0.0,0.0,0.0
lansoprazole,0.0,0.7411698,0.0,0.0,0.0,0.0,0.0,0.78688353,0.0,0.0,0.0,0.016471598,0.0,0.0,0.0,2.2358038
isradipine,0.008432064,0.2162936,1.0286096,0.0,0.0,0.28693467,0.0,0.0,0.0,0.0,0.0,0.33671188,0.0,0.0,0.0,0.8111331
felodipine,0.0,0.56606007,0.0,0.0,0.0,0.0,0.0,0.0,0.0,0.0,0.0,1.399516,0.0,0.0,0.0,0.3915029
ciprofloxacin,0.0,0.0,0.0,0.05070637,0.0,0.0,0.0,0.0,0.0,0.0,0.0,0.0,0.0,0.0,0.0,0.0
dapsone,0.0,0.0,0.0,0.0,0.0,0.0,0.0,0.0,0.0,0.0,0.0,0.0,0.0,0.0,0.0,0.0
aminocaproic acid hydrochloride,0.0,0.0,0.0,0.0,0.0,0.0,0.0,0.0,0.0,0.0,0.0,0.0,0.0,0.0,0.0,0.0
atenolol,0.0,0.0,0.0,0.7101866,0.19732429,0.0,0.0,0.0,0.0,0.0,0.0,0.0,0.0,0.0,0.0,0.0
dipyridamole,0.71408445,0.0,2.4376922,0.9245708,1.42189,1.0775181,0.0,0.32839152,0.0,0.0,0.0,0.0,0.0,0.0,0.0,0.0
bumetanide,0.0,0.14782263,0.024340129,0.35563344,0.4988583,0.49660358,0.0,5.363047,0.0,0.0,0.0,0.0,0.0,0.0,0.0,1.5253032
chlorthalidone,0.00064019515,0.0,0.0,0.5993338,0.0,0.14813265,0.0,0.0,0.0,0.0,0.0,0.0,0.0,0.0,0.0,0.0
disulfiram,0.0,0.4979041,0.0,0.0,0.0,0.0,0.0,0.0,0.0,0.0,0.0,6.836712,0.0,0.0,0.0,0.0
cetylpyridinium chloride,0.0,0.7074872,0.0,0.0,1.3986801,0.0,0.0,0.0,0.0,0.0,0.0,0.0,0.0,0.0,0.0,0.0
cyproheptadine hydrochloride,0.0,1.1580482,0.0,0.0,0.0,0.0,0.0,0.0,0.0,0.0,0.0,0.0,0.0,0.0,0.0,0.0
sulfamethoxazole,0.0,0.0,0.03480337,0.0,0.0,0.0,0.0,0.77894986,0.0,0.0,0.0,0.0,0.0,0.0,0.0,0.0
triamterene,0.0,0.0,0.5846864,0.5422056,0.0,0.70795476,0.0,0.0,0.0,0.0,0.0,0.0,0.0,0.0,0.0,2.0399444
prazosin hydrochloride,0.1467466,0.05726487,0.89581126,0.0,0.00732569,0.18080747,0.0,0.0,0.0,0.0,0.0,0.0,0.0,0.0,0.0,0.0
ibuprofen,0.0,0.14789163,0.0,0.0,0.0,0.0,0.0,0.0,0.0,0.0,0.0,0.0,0.0,0.0,0.0,0.0
methyldopa,0.0,0.0,0.0,0.99218374,0.0,0.19275717,0.0016159624,0.0,0.0,0.0,0.0,0.0,0.0,0.0,0.0,0.0
bendroflumethiazide,0.0,0.0,0.0,0.3772539,0.0,0.0,0.0,0.0,0.0,0.0,0.0,0.0,0.0,0.0,0.0,0.0
metolazone,0.0,0.22511002,0.0,0.0,0.0,0.0,0.0,0.0,0.0,0.0,0.0,0.0,0.0,0.0,0.0,0.0
indapamide,0.0,0.078382954,0.0,0.0,0.0,0.0,0.0,0.0,0.0,0.0,0.0,0.0,0.0,0.0,0.0,0.0
cyclosporine,4.6322823,0.5684915,2.3819888,1.8929834,1.8457763,3.1766956,3.5658698,6.0891876,0.0,0.0,0.0,0.0,0.0,0.0,0.0,0.0
fluorescein,0.0,0.5335323,0.0,0.0,0.0,0.0,0.0,0.0,0.0,0.0,0.0,0.0,0.0,0.0,20.879816,0.0
theophylline,0.0,0.0,0.0,0.0,0.0,0.0,0.0,0.0,0.0,0.0,0.0,0.0,0.0,0.0,0.0,0.0
propranolol hydrochloride (+/-),0.0,0.08582291,0.0,0.0,0.14160955,0.0,0.0,0.0,0.0,0.0,0.0,0.0,0.0,0.0,0.0,0.0
ethacrynic acid,0.0,0.54598606,0.0,0.0,0.20705974,0.0,0.0,0.0,0.0,0.0,0.0,1.4276625,0.0,0.0,0.0,2.5324132
flurbiprofen,0.0,0.5639716,0.0,0.0,0.0,0.0,0.0,0.0,0.0,0.0,0.0,0.0,0.0,0.0,0.0,0.0
bupivacaine hydrochloride,0.0,0.8294605,0.0,0.0,0.0,0.0,0.0,0.0,0.0,0.0,0.0,0.0,0.0,0.0,0.0,0.0
pindolol,0.0,0.0,0.0,0.46227917,0.08106345,0.0,0.0,0.0,0.0,0.0,0.0,0.0,0.0,0.0,0.0,0.0
promethazine hydrochloride,0.0,0.7900385,0.0,0.0,0.0,0.0,0.0,0.0,0.0,0.0,0.0,0.0,0.0,0.0,0.0,0.0
pentoxifylline,0.0,0.0,0.0,0.0,0.0,0.0,0.0,0.0,0.0,0.0,0.0,0.0,0.0,0.0,0.0,0.0
guanfacine hydrochloride,0.0,0.0,0.0,0.0,0.0,0.0,0.0,0.0,0.0,0.0,0.0,0.0,0.0,0.0,0.0,0.0
indomethacin,0.0,0.46757686,0.0,0.0,0.0,0.0,0.0,0.0,0.0,0.0,0.0,0.0026027746,0.0,0.0,0.0,0.0
pyridostigmine bromide,0.0,0.0,0.0,0.0,0.0,0.0,0.0,0.0,0.0,0.0,0.0,0.0,0.0,0.0,0.0,0.0
diphenhydramine hydrochloride,0.0,0.45452645,0.0,0.0,0.0,0.0,0.0,0.0,0.0,0.0,0.0,0.0,0.0,0.0,0.0,0.0
aspirin,0.0,0.0,0.0,0.0,0.0,0.0,0.0,0.3108965,0.0,0.0,0.0,0.0,0.0,0.0,0.0,2.45947
hydrocortisone acetate,0.2990921,0.0,0.2085046,0.23472239,0.0,0.0,1.5046998,0.19388576,0.0,0.0,0.0,0.0,0.0,0.0,0.0,0.0
furosemide,0.0,0.0,0.0,0.33947587,0.0,0.5062041,0.0,1.4752557,0.0,0.0,0.0,0.0,0.0,0.0,0.0,0.0
trimethoprim,0.0,0.0,0.11013264,0.3833958,0.0,0.58631295,0.0,0.0,0.0,0.0,0.0,0.0,0.0,0.0,0.0,0.0
hydrochlorothiazide,0.0,0.0,0.0,0.481701,0.0,0.3945655,0.0,0.0,0.0,0.0,0.0,0.0,0.0,0.0,0.0,0.0
chlorhexidine dihydrochloride,0.9362698,1.0950425,0.0,3.6107092,0.5161432,1.4079561,0.0,0.0,0.0,0.0,0.0,0.0,0.0,0.0,0.0,0.0
retinol,0.0,0.72867835,0.0,0.0,0.0,0.0,0.0,0.0,0.0,0.0,0.0,0.0,0.0,0.0,0.0,0.0
chlorothiazide,0.0,0.0,0.0,0.36523256,0.0,0.50127506,0.0,0.36977613,0.0,0.0,0.0,0.0,0.0,0.0,0.0,0.0
albuterol,0.0,0.0,0.0,0.63071275,0.0,0.00583692,0.0,0.0,0.0,0.0,0.0,0.0,0.0,0.0,0.0,0.0
melatonin,0.0,0.0,0.0,0.12126917,0.0,0.0,0.0,0.0,0.0,0.0,0.0,0.0,0.0,0.0,0.0,0.0
fostamatinib (r788),0.95318043,0.06479186,1.7978745,1.2197242,0.69279605,1.673787,0.0,0.0,0.0,0.0,0.0,0.0,0.0,0.0,0.0,0.0
glutamine (d),0.0,0.0,0.0,0.75716466,0.0,0.36817554,0.0,0.0,0.0,0.0,0.0,0.0,0.0,0.0,0.0,0.0
rapamycin,3.1066647,1.6004789,2.50402,0.704815,0.22011565,1.7757573,4.570053,2.890725,0.0,0.0,0.0,0.0,0.0,0.0,0.0,0.0
diroximel fumarate,0.0,0.0,0.0,0.0,0.0,0.0,0.0,0.0,0.0,0.0,0.0,0.0,0.0,0.0,0.0,0.0
apremilast,0.32042345,0.0,0.84354,0.006098086,0.4183968,0.3247302,0.0,0.07518795,0.0,0.0,0.0,0.0,0.0,0.0,0.0,0.0
beclometasone dipropionate,1.1021278,0.37422034,1.0043435,0.0,0.0,0.44142288,2.1388452,0.0,0.0,0.0,0.0,0.0,0.0,0.0,0.0,0.0
iloprost,0.13624951,0.21920338,0.0,0.46063694,0.4199361,0.0,1.1791184,0.0,0.0,0.0,0.0,0.0,0.0,0.0,0.0,0.0
pirfenidone,0.0,0.0,0.0,0.0,0.0,0.0,0.0,0.0,0.0,0.0,0.0,0.0,0.0,0.0,0.0,0.0
acalabrutinib,0.6203905,0.24523944,0.85353065,0.0,0.0,0.5405923,0.0,0.0,0.0,0.0,0.0,0.0,0.0,0.0,0.0,0.0
vortioxetine,0.0,0.07007335,0.0,0.0,0.0,0.0,0.0,0.0,0.0,0.0,0.0,0.0,0.0,0.0,0.0,0.0
tenofovir disoproxil,0.93002826,0.0,2.8778613,0.0,1.3990481,1.570476,0.0,0.0,0.0,0.0,0.0,0.0,0.0,0.0,0.0,0.0
tazemetostat,0.49922386,0.50203705,0.10934856,0.0,0.5590762,0.014685033,0.0,0.0,0.0,0.0,0.0,0.0,0.0,0.0,0.0,0.0
regadenoson,0.300893,0.0,1.3937021,1.2364619,0.0,1.1032761,0.60740095,0.0,0.0,0.0,0.0,0.0,0.0,0.0,0.0,0.0
ritonavir,2.0793743,1.5350078,1.4474646,0.7754984,2.3973043,1.1020801,1.0650249,0.0,0.0,0.0,0.0,0.0,0.0,0.0,0.0,0.0
zafirlukast,0.8389286,1.1305976,0.78683484,0.0,0.7127508,0.35132253,0.0,0.0,0.0,0.0,0.0,0.0,0.0,0.0,0.0,0.0
emtricitabine,0.0,0.0,0.4230813,0.0,0.0,0.006133501,0.0,0.0,0.0,0.0,0.0,0.0,0.0,0.0,0.0,0.0
aprepitant,0.96658903,1.0455103,0.009115029,0.034683827,0.2230118,0.0,0.39074194,0.0,0.0,0.0,0.0,0.0,0.0,0.0,0.0,0.0
minoxidil ,0.0,0.0,0.335493,0.36738244,0.0,0.3128229,0.0,0.0,0.0,0.0,0.0,0.0,0.0,0.0,0.0,0.0
pregabalin hydrochloride,0.0,0.0,0.0,0.118975125,0.22046953,0.0,0.08745065,0.0,0.0,0.0,0.0,0.0,0.0,0.0,0.0,1.9179091
glycopyrrolate,0.025377851,0.0,0.0,0.0,0.0,0.0,0.3173925,0.0,0.0,0.0,0.0,0.0,0.0,0.0,0.0,0.0
glucosamine hydrochloride,0.0,0.0,0.44667575,1.3908553,0.0,0.75134426,1.2931328,0.0,0.0,0.0,0.0,0.0,0.0,0.0,0.0,0.0
niacinamide,0.0,0.0,0.0,0.0,0.0,0.0,0.0,0.0,0.0,0.0,0.0,0.0,0.0,0.0,0.0,0.0
estradiol cypionate,0.38415512,1.609846,0.0,0.0,0.0,0.0,0.93083745,0.0,0.0,0.0,0.0,0.1768307,0.0,0.0,0.0,0.0
estradiol (cypionate),0.26172072,1.4415088,0.0,0.0,0.0,0.0,0.8740377,0.0,0.0,0.0,0.0,0.0,0.0,0.0,0.0,0.0
estradiol valerianate,0.0,1.124685,0.0,0.0,0.0,0.0,1.1294947,0.0,0.0,0.0,0.0,0.0,0.0,0.0,0.0,0.0
cyclosporin a,4.806044,0.23618,2.1050713,1.5117625,2.1423798,3.3991475,3.5580716,0.0,0.0,0.0,0.0,0.0,0.0,0.0,0.0,0.0
itraconazole hydrochloride,2.064853,1.6489141,2.2366858,0.0,1.1458701,0.339806,0.38364953,0.0,0.0,0.0,0.0,7.6458373,0.0,0.0,0.0,0.0
nicardipine hydrochloride,0.95127314,0.74575114,0.69242954,0.0,0.9510256,0.28399575,0.0,0.0,0.0,0.0,0.0,0.13647158,0.0,0.0,0.0,0.0
amiodarone hydrochloride,1.6150663,2.048326,0.0,0.0,1.2071925,0.0,0.0,0.0,0.0,0.0,0.0,0.0,0.0,0.0,0.0,0.0
carvedilol,0.0,0.3669141,0.0,0.48176283,0.8366826,0.0,0.0,0.0,0.0,0.0,0.0,0.0,0.0,0.0,0.0,0.0
thiamine,0.0,0.0,0.0,0.0,0.0,0.0,0.0,0.0,0.0,0.0,0.0,0.0,0.0,0.0,0.0,0.0
niacin,0.0,0.0,0.0,0.0,0.0,0.0,0.0,0.0,0.0,0.0,0.0,0.0,0.0,0.0,0.0,0.4472114
darunavir,0.8140476,0.33806175,1.0759472,0.31054097,1.0613698,0.97332984,1.2342877,0.0,0.0,0.0,0.0,0.0,0.0,0.0,0.0,3.3531585
cobicistat,2.261245,1.4858016,1.3328626,0.0,2.490079,0.8678446,0.5319927,0.0,0.0,0.0,0.0,0.0,0.0,0.0,0.0,0.0
fluticasone (propionate),1.0820438,1.1826062,0.3000832,0.0,0.0,0.0,2.5348258,0.0,0.0,0.0,0.0,0.30266628,0.0,0.0,0.0,1.4299169
tenofovir alafenamide,0.625131,0.25602236,1.608739,0.121654175,1.1328065,0.8579294,0.35689005,0.0,0.0,0.0,0.0,0.0,0.0,0.0,0.0,0.0
sofosbuvir,1.3843783,0.0,1.6578488,0.4944179,0.8872415,1.2276012,1.3578582,0.0,0.0,0.0,0.0,0.0,0.0,0.0,0.0,0.0
ethynyl estradiol,0.0,0.6314871,0.0,0.0,0.0,0.0,1.0437293,0.6893807,0.0,0.0,0.0,0.3022743,0.0,0.0,0.0,1.809623
nelfinavir,1.0120775,0.96157193,0.26404104,1.1957096,0.5681982,0.20605859,1.1844251,0.0,0.0,0.0,0.0,0.0,0.0,0.0,0.0,0.0
dolutegravir,0.0,0.0,0.36264572,0.0,0.0,0.1147814,0.019178858,0.0,0.0,0.0,0.0,0.0,0.0,0.0,0.0,3.4308124
lopinavir,1.409852,0.8002956,0.0,1.1187736,1.9927299,0.5297312,0.7868039,3.2607322,15.918698,20.9046,0.0,8.766897,0.0,0.0,0.0,0.0
ledipasvir,2.947302,2.3697114,0.9138822,0.93498677,0.9847719,1.4511182,1.6920985,0.8645154,0.0,0.0,0.0,0.0,0.0,0.0,0.0,0.0
edoxaban,0.6800008,0.0,0.9448607,0.7487953,0.0,0.86285424,0.5690617,0.0,0.0,0.0,0.0,0.0,0.0,0.0,0.0,0.0
eplerenone,0.2901686,0.33121288,0.06382277,0.0,0.0,0.0,2.1001828,0.0,0.0,0.0,0.0,0.0,0.0,0.0,0.0,0.0
linagliptin,0.41243404,0.0,1.7019627,0.0,0.0,0.7799515,0.0,0.0,0.0,0.0,0.0,0.0,0.0,0.0,0.0,0.0
ticagrelor,1.0064174,0.0,1.7425182,1.2213403,0.952356,1.0702243,1.879399,0.0,0.0,0.0,0.0,0.0,0.0,0.0,0.0,0.0
ropivacaine,0.0,0.4484808,0.0,0.0,0.0,0.0,0.0,0.0,0.0,0.0,0.0,0.0,0.0,0.0,0.0,0.0
raltegravir,0.38435444,0.0,1.2166414,0.5073391,0.0,1.144843,0.0,0.0,0.0,0.0,0.0,0.0,0.0,0.0,0.0,0.0
etravirine,0.41910726,0.86323386,0.5121548,0.0,0.0,0.62173325,0.0,0.0,0.0,0.0,0.0,0.0,0.0,0.0,0.0,0.0
salmeterol,0.23928374,1.0619209,0.0,0.9828744,2.1090062,0.0,0.0,0.0,0.0,0.0,0.0,0.0,0.0,0.0,0.0,0.0
sucrose,0.13959602,0.0,1.5220659,2.7510855,0.0,1.6515912,2.1196249,0.0,0.0,0.0,0.0,0.0,0.0,0.0,0.0,0.0
d-ϱ-tocopherol acetate,0.38097957,2.6387162,0.0,0.0,1.4591656,0.0,0.35131493,0.0,0.0,0.0,0.0,0.0,0.0,0.0,0.0,0.0
ϱ-vitamin e,0.06460471,2.5992494,0.0,0.0,1.3555392,0.0,0.0,0.0,0.0,0.0,0.0,0.0,0.0,0.0,0.0,0.0
eicosapentaenoic acid,0.0,1.4130862,0.0,0.0,1.5362965,0.0,0.0,0.0,0.0,0.0,0.0,0.0,0.0,0.0,0.0,0.0
fenofibrate,0.0,0.7432186,0.0,0.0,0.0,0.0,0.0,0.0,0.0,0.0,0.0,0.0,0.0,0.0,0.0,0.1224996
fenofibric acid,0.0,0.4844397,0.0,0.0,0.0,0.0,0.0,0.0,0.0,0.0,0.0,0.0,0.0,0.0,0.0,0.0
amlodipine besylate,0.91485006,0.7140923,1.4379855,0.6555501,1.0119915,1.1176022,0.0,0.0,0.0,0.0,0.0,0.41409177,0.0,0.0,0.0,0.0
nisoldipine,0.0,0.28413957,0.49556646,0.0,0.0,0.0,0.0,0.0,0.0,0.0,0.0,1.4837185,0.0,0.0,0.0,0.0
doxazosin mesylate,0.9509193,0.0,1.9258626,0.0,0.0,1.3540109,0.0,2.1125147,0.0,0.0,0.0,0.0,0.0,0.0,0.0,2.2335951
azelastine hydrochloride,0.15097052,0.9692337,0.0,0.0,0.0,0.0,0.0,0.0,0.0,0.0,0.0,0.0,0.0,0.0,0.0,0.0
fluoxetine hydrochloride,0.0,0.9459015,0.0,0.0,0.1276927,0.0,0.0,0.0,0.0,0.0,0.0,0.0,0.0,0.0,0.0,0.0
olanzapine,0.0,0.28673935,0.0,0.0,0.0,0.0,0.0,0.0,0.0,0.0,0.0,0.12965623,0.0,0.0,0.0,3.6812444
deferoxamine mesylate,1.4833231,0.0,1.9483702,2.682274,3.7587168,3.0126867,0.0,0.9312774,0.0,0.0,0.0,0.0,0.0,0.0,0.0,0.0
pioglitazone hydrochloride,0.0,0.2750517,0.0,0.0,0.18226337,0.0,0.0,0.0,0.0,0.0,0.0,0.0,0.0,0.0,0.0,2.7250097
celecoxib,0.0,0.45198774,0.0,0.0,0.0,0.0,0.0,1.6978164,0.0,0.0,0.0,5.2308445,0.0,0.0,0.0,0.0
sildenafil citrate,1.53334,0.0,2.3212602,1.7416614,1.5383813,2.6136155,0.0,0.0,0.0,0.0,0.0,0.0,0.0,0.0,0.0,0.0
mefloquine,0.0,1.0066984,0.0,0.03707727,0.0,0.0,0.10199462,0.0,0.0,0.0,0.0,0.0,0.0,0.0,0.0,0.0
apixaban,0.41656083,0.026951872,0.20307696,0.0,0.0,0.38349366,0.0,5.2623396,4.8215356,0.16031055,0.0,0.0,0.0,0.0,0.0,0.0
moxifloxacin hydrochloride,0.08630397,0.23132329,0.27843478,0.0,0.0,0.0387718,0.29838002,0.0,0.0,0.0,0.0,0.0,0.0,0.0,0.0,2.174187
metformin hydrochloride,0.0,0.0,0.0,0.86637664,0.0,0.033423126,0.0,0.0,0.0,0.0,0.0,0.0,0.0,0.0,0.0,0.0
atracurium besylate,4.882256,2.730953,4.239506,0.0,4.3476076,2.6813846,0.8632877,0.0,0.0,0.0,0.0,0.0,0.0,0.0,0.0,2.418508
amantadine hydrochloride,0.0,0.0,0.0,0.0,0.0,0.0,0.5382271,0.0,0.0,0.0,0.0,0.0,0.0,0.0,0.0,0.0
hydralazine hydrochloride,0.0,0.0,0.0,0.2676788,0.0,0.0,0.0,0.0,0.0,0.0,0.0,0.0,0.0,0.0,0.0,0.0
amiloride hydrochloride,0.0,0.0,0.92204314,1.8665291,0.0,1.3559496,0.0,0.0,0.0,0.0,0.0,0.0,0.0,0.0,0.0,0.0
clonidine hydrochloride,0.0,0.3988423,0.0,0.120012544,0.0,0.0,0.0,0.0,0.0,0.0,0.0,0.0,0.0,0.0,0.0,0.0
torsemide,0.0,0.033737626,0.0,0.59578395,0.0,0.02198207,0.0,0.0,0.0,0.0,0.0,0.0,0.0,0.0,0.0,0.0
clopidogrel sulfate,0.0,0.37792128,0.12177588,0.0,0.0,0.0641248,0.0,0.0,0.0,0.0,0.0,0.0,0.0,0.0,0.0,0.0
acetaminophen,0.0,0.0,0.0,0.0,0.0,0.0,0.0,0.0,0.0,0.0,0.0,0.0,0.0,0.0,0.0,0.17290685
lidocaine hydrochloride,0.0,0.24452968,0.0,0.0,0.0,0.0,0.0,0.0,0.0,0.0,0.0,0.0,0.0,0.0,0.0,0.0
hydrocortisone 17-butyrate,0.17002687,0.1513483,0.0,0.0,0.0,0.0,1.5043746,0.0,0.0,0.0,0.0,0.0,0.0,0.0,0.0,0.0
minoxidil hydrochloride,0.0,0.0,0.0,0.0,0.0,0.0,0.0,0.0,0.0,0.0,0.0,0.0,0.0,0.0,0.0,0.0
phenelzine sulfate,0.0,0.0,0.0,0.7470295,0.0,0.0,0.0,0.0,0.0,0.0,0.0,0.0,0.0,0.0,0.0,0.0
omeprazole,0.0,0.0,0.0,0.0,0.089107975,0.0,0.0,0.0,0.0,0.0,0.0,0.0,0.0,0.0,0.0,3.7869966
palmidrol [5mm],0.0,0.7437876,0.0,0.3565536,1.444152,0.0,0.0,0.0,0.0,0.0,0.0,0.0,0.0,0.0,0.0,0.0
silibinin,0.4936235,0.023496315,1.437544,1.2971834,0.0,1.0470891,0.7673796,0.0,0.0,0.0,0.0,0.0,0.0,0.0,0.0,0.0
duvelisib (ipi-145_ ink1197),0.0,0.0,0.6722674,0.2840935,0.0,0.25897616,0.0,0.0,0.0,0.0,0.0,0.0,0.0,0.0,0.0,0.0
decitabine,0.0,0.0,0.91270405,0.38709986,0.0,0.50153875,0.3018536,0.0,0.0,0.0,0.0,0.0,0.0,0.0,0.0,0.0
hesperidin,1.060309,0.0,2.7377636,2.8568583,0.0,2.626275,3.317047,0.0,0.0,0.0,0.0,0.0,0.0,0.0,0.0,0.0
ruxolitinib (incb018424),0.0,0.0,0.01636673,0.0,0.0,0.0,0.0015344147,0.0,0.0,0.0,0.0,0.0,0.0,0.0,0.0,0.0
estradiol benzoate,0.0,0.0,0.0,0.0,0.0,0.0,1.4454048,0.0,0.0,0.0,0.0,0.0,0.0,0.0,0.0,0.0
dexamethasone,0.0,0.0,0.1450756,1.0087831,0.0,0.22545789,2.1244574,0.0,0.0,0.0,0.0,0.0,0.0,0.0,0.0,0.0
genistein,0.0,0.0,0.0,0.0,0.0,0.0,0.0,0.0,0.0,0.0,0.0,0.0,0.0,0.0,0.0,0.0
azilsartan medoxomil,1.1625214,0.0,2.0857081,0.0,0.5427069,1.4097674,0.0,0.0,0.0,0.0,0.0,0.0,0.0,0.0,0.0,0.11658254
clindamycin hydrochloride,0.094180435,0.0,0.5153347,1.2386384,0.48291588,0.3720542,2.3435597,0.0,0.0,0.0,0.0,0.0,0.0,0.0,0.0,1.1773072
tramadol hydrochloride,0.0,0.22696573,0.0,0.0,0.0,0.0,0.029850632,0.0,0.0,0.0,0.0,0.0,0.0,0.0,0.0,0.0
tenofovir,0.023348846,0.0,1.2307882,1.3865194,0.28366742,1.5776664,0.0,0.0,0.0,0.0,0.0,0.0,0.0,0.0,0.0,0.0
febuxostat,0.0,0.5071754,0.0,0.0,0.023762994,0.0,0.0,0.0,0.0,0.0,0.0,0.0,0.0,0.0,0.0,0.0
oseltamivir (phosphate),0.21210445,0.0,0.69130516,1.6077287,0.3761082,1.2103007,0.51321095,0.0,0.0,0.0,0.0,0.0,0.0,0.0,0.0,0.0
ezetimibe,0.0,0.7450796,0.0,0.0,0.041347854,0.0,0.4516345,1.8306147,0.0,0.0,0.0,0.0020802866,0.0,0.0,0.0,2.6016085
rivaroxaban,0.42413414,0.0,0.056642342,0.0,0.0,0.0,0.0,0.0,0.0,0.0,0.0,0.0,0.0,0.0,0.0,0.0
artesunate,0.21411045,0.30003548,0.54281425,0.0,0.0,0.0,2.3201873,0.0,0.0,0.0,0.0,0.0,0.0,0.0,0.0,1.050674
(s)-(+)-ibuprofen,0.0,0.11443754,0.0,0.0,0.0,0.0,0.0,0.17146489,0.0,0.0,0.0,0.0,0.0,0.0,0.0,1.3192823
levofloxacin,0.0,0.021375418,0.0,0.0,0.0,0.0,0.0,0.6829483,0.0,0.0,0.0,0.0,0.0,0.0,0.0,3.7282453
nicorandil,0.0,0.0,0.0,0.0,0.0,0.087195024,0.0,0.0,0.0,0.0,0.0,0.0,0.0,0.0,0.0,0.0
nitazoxanide,0.0,0.0,0.5738305,0.0,0.0,0.33492646,0.0,2.4384432,0.0,0.0,0.0,0.0,0.0,0.0,0.0,1.5307387
ramelteon,0.0,0.0,0.0,0.0,0.0,0.0,0.0,0.0,0.0,0.0,0.0,0.0,0.0,0.0,0.0,0.0
tadalafil,0.0,0.0,0.0,0.0,0.0,0.0,0.06376101,0.0,0.0,0.0,0.0,0.0,0.0,0.0,0.0,0.0
prasugrel,0.0,0.0,0.0,0.0,0.0,0.0023122567,0.0,0.0,0.0,0.0,0.0,0.0,0.0,0.0,0.0,0.0
chloroquine phosphate,0.0,0.0,0.0,2.6216314,0.5360471,1.6509831,0.0,0.0,0.0,0.0,0.0,0.0,0.0,0.0,0.0,3.954013
hydrocortisone hemisuccinate,0.0,0.0,0.0,0.785193,0.0,0.735715,1.5601547,0.0,0.0,0.0,0.0,0.0,0.0,0.0,0.0,0.0
azithromycin,2.047654,0.0,2.9001913,1.581595,0.3248355,1.6487031,5.7731977,0.0,0.0,0.0,0.0,0.0,0.0,0.0,0.0,4.4209733
tazobactam,0.0,0.0,0.66376317,0.0,0.0,0.63730884,0.8584812,0.0,0.0,0.0,0.0,0.0,0.0,0.0,0.0,0.0
atovaquone,0.0,1.2519935,0.0,0.0,0.0,0.0,0.0,0.0,0.0,0.0,0.0,0.0,0.0,0.0,0.0,0.0
famotidine,0.0,0.0,0.32828623,1.1939328,0.0,1.2707933,0.0,0.45908287,0.0,0.0,0.0,0.0,0.0,0.0,0.0,0.0
nifedipine,0.0,0.0,0.4329894,0.0,0.0,0.22548814,0.0,0.0,0.0,0.0,0.0,0.0,0.0,0.0,0.0,0.0
clarithromycin,2.1403806,0.0,2.8944364,1.0193492,0.0,1.88265,5.53267,0.0,0.0,0.0,0.0,0.0,0.0,0.0,0.0,2.4891865
spironolactone,0.0,0.85746425,0.050350305,0.0,0.0,0.0,1.9636322,0.0,0.0,0.0,0.0,0.0,0.0,0.0,0.0,1.0971587
metronidazole,0.0,0.0,0.0,0.0,0.0,0.0,0.0,0.0,0.0,0.0,0.0,0.0,0.0,0.0,0.0,0.0
amoxicillin,0.0,0.0,0.094928324,1.1510221,0.0,0.8069034,0.63492626,0.0,0.0,0.0,0.0,0.0,0.0,0.0,0.0,0.10680841
progesterone,0.0,0.96581936,0.0,0.0,0.0,0.0,1.3514135,0.0,0.0,0.0,0.0,1.7806283,0.0,0.0,0.0,0.89147925
hydrocortisone,0.0,0.0,0.0,0.5480824,0.0,0.08533115,1.9575214,2.853752,0.0,0.0,0.0,0.0,0.0,0.0,0.0,0.0
methylprednisolone,0.0,0.0,0.0,0.54204774,0.0,0.0,1.9078798,0.16323829,0.0,0.0,0.0,0.26016387,0.0,0.0,0.0,0.20224124
prednisolone,0.0,0.0,0.0,0.411007,0.0,0.0,2.0229743,0.0,0.0,0.0,0.0,0.0,0.0,0.0,0.0,0.5188026
naproxen,0.0,0.15721998,0.0,0.0,0.0,0.0,0.0,0.0,0.0,0.0,0.0,0.0,0.0,0.0,0.0,0.0
clofazimine,0.0,2.0791872,0.0,0.0,0.0,0.0,0.0019323935,0.0,0.0,0.0,0.0,0.0,0.0,0.0,0.0,0.0
loratadine,0.10597788,1.0568293,0.0,0.0,0.0,0.0,0.0,5.380119,12.565407,0.22616315,0.0,0.0,0.0,0.0,0.0,0.25153697
vitamin k1,0.46649915,2.67616,0.0,0.0,1.8249415,0.0,0.0,0.0,0.0,0.0,0.0,0.0,0.0,0.0,0.0,0.0
reserpine,1.3431199,0.70086974,1.5850028,0.0,0.51641417,0.4530063,1.517913,3.7194095,0.0,0.0,0.0,0.5673759,0.0,0.0,0.0,1.3036255
acetylcysteine,0.0,0.0,0.0,0.0,0.0,0.0,0.004897803,0.0,0.0,0.0,0.0,0.0,0.0,0.0,0.0,0.0
mometasone furoate,0.6547071,1.1244335,0.0,0.0,0.0,0.0,2.0011,0.0,0.0,0.0,0.0,0.0,0.0,0.0,0.0,0.0
dexamethasone acetate,0.0,0.0,0.21751186,0.14896607,0.0,0.095903546,2.0680082,0.0,0.0,0.0,0.0,0.0,0.0,0.0,0.0,0.0
estradiol,0.0,0.0,0.0,0.0,0.0,0.0,1.2412359,0.0,0.0,0.0,0.0,0.0,0.0,0.0,0.0,0.7283286
l-ascorbic acid,0.0,0.0,0.23963764,0.8862364,0.0,0.5375147,0.6047927,0.0,0.0,0.0,0.0,0.0,0.0,0.0,0.0,0.0
folic acid,0.0,0.0,1.0009205,2.1517632,0.0,1.5509003,0.0,0.0,0.0,0.0,0.0,0.0,0.0,0.0,0.0,0.0
biotin,0.0,0.0,0.0,0.88947695,0.13111167,0.26781362,0.0,1.4854376,0.0,0.0,0.0,0.0,0.0,0.0,0.0,0.0
tolterodine (tartrate),0.6334196,0.46904033,0.468858,1.6349142,1.1208271,0.88847613,0.29311377,0.0,0.0,0.0,0.0,0.0,0.0,0.0,0.0,3.3735654
palonosetron (hydrochloride),0.0,0.21694916,0.0,0.0,0.0,0.0,0.64312214,3.1055493,0.0,0.0,0.0,0.0,0.0,0.0,0.0,2.6375256
dapoxetine (hydrochloride),0.0,0.97007024,0.0,0.0,0.0,0.0,0.0,3.48508,0.0,0.0,0.0,0.0,0.0,0.0,0.0,0.0
solifenacin (succinate),0.5489947,0.6594721,0.0,0.3806785,0.0,0.084689625,0.7908163,1.4404942,0.0,0.0,0.0,0.0,0.0,0.0,0.0,0.0
indinavir (sulfate),1.4614449,0.41558933,1.1482506,1.4565628,0.56063634,1.1562079,1.0204144,0.0,0.0,0.0,0.0,0.0,0.0,0.0,0.0,0.776241
tiagabine (hydrochloride),0.27629492,1.028602,0.0,0.0,0.21911733,0.0,0.032889146,1.8341943,0.0,0.0,0.0,0.0,0.0,0.0,0.0,0.56161296
ethambutol (dihydrochloride),0.0,0.015743015,0.0,1.0412006,0.68823326,0.30443,0.0,0.0,0.0,0.0,0.0,0.0,0.0,0.0,0.0,0.0
telotristat etiprate,1.6758682,0.6678158,1.697949,1.4821976,1.4621766,1.5313838,0.16318826,0.0,0.0,0.0,0.0,0.0,0.0,0.0,0.0,0.0
pergolide (mesylate),0.020160476,0.40013248,0.0,0.021946533,0.0,0.0,0.21500891,0.0,0.0,0.0,0.0,0.0,0.0,0.0,0.0,2.9380066
pyrantel (tartrate),0.20727372,0.0,0.620913,1.1867187,0.0,0.7977696,0.057659864,0.0,0.0,0.0,0.0,0.0,0.0,0.0,0.0,0.100277774
delavirdine (mesylate),0.8581916,0.0024540557,0.93698233,1.0401857,0.0,1.3369985,0.0,0.0,0.0,0.0,0.0,0.0,0.0,0.0,0.0,0.0
eletriptan (hydrobromide),0.5448369,0.8832861,0.0,0.0,0.0,0.0,0.0,0.0,0.0,0.0,0.0,0.0,0.0,0.0,0.0,0.0
cefuroxime (sodium),0.28887352,0.0,1.4187055,0.0,0.0,1.3016878,0.0,0.0,0.0,0.0,0.0,0.0,0.0,0.0,0.0,0.3559794
darifenacin (hydrobromide),0.5358778,0.8224751,0.0,0.0,0.20802231,0.0,0.0,0.0,0.0,0.0,0.0,0.0,0.0,0.0,0.0,1.7564745
alogliptin (benzoate),0.5752851,0.0,1.1943521,0.0,0.0,0.80943024,0.0,0.0,0.0,0.0,0.0,0.0,0.0,0.0,0.0,0.0
(s)-rasagiline,0.0,0.0206076,0.0,0.0,0.0,0.0,0.0,0.0012352746,0.0,0.0,0.0,0.0,0.0,0.0,0.0,0.0
erlotinib (hydrochloride),0.8040569,0.43223974,0.46699488,0.0,1.182301,0.0,0.0,1.1757816,0.0,0.0,0.0,0.0,0.0,0.0,0.0,0.0
anagrelide (hydrochloride),0.0,0.0,0.0,0.0,0.0,0.0,0.0,0.0,0.0,0.0,0.0,0.0,0.0,0.0,0.0,0.0
naloxegol (oxalate),2.2286208,0.0,2.9983423,0.7679687,3.4564922,1.9235716,0.75477964,0.4607029,0.0,0.0,0.0,0.0,0.0,0.0,0.0,0.0
naratriptan (hydrochloride),0.0,0.0,0.0,0.0,0.22335011,0.0,0.0,0.0,0.0,0.0,0.0,0.0,0.0,0.0,0.0,0.0
butenafine (hydrochloride),0.0,1.4527268,0.0,0.0,0.14757684,0.0,0.0,0.0,0.0,0.0,0.0,0.0,0.0,0.0,0.0,0.0
cromolyn (sodium),0.51401305,0.0,1.7507135,0.0,0.639212,1.5280324,0.0,0.0,0.0,0.0,0.0,0.0,0.0,0.0,0.0,0.0
ropinirole (hydrochloride),0.0,0.49852994,0.0,0.0,0.17835757,0.0,0.0,0.0,0.0,0.0,0.0,0.0,0.0,0.0,0.0,0.0
prucalopride (succinate),0.5272811,0.0,0.68168885,1.119709,0.8614835,0.9151414,0.0,0.0,0.0,0.0,0.0,0.0,0.0,0.0,0.0,0.0
pitolisant (hydrochloride),0.0,0.76879954,0.008250093,0.0,0.5896365,0.0,0.0,0.0,0.0,0.0,0.0,0.0,0.0,0.0,0.0,0.0
sertaconazole (nitrate),0.42893073,1.5420107,0.12216851,0.0,0.0,0.12954126,0.0,5.3462124,0.0,0.0,0.0,0.0,0.0,0.0,0.0,0.0
esmolol (hydrochloride),0.0,0.0,0.0,0.0,1.1689003,0.0,0.0,0.0,0.0,0.0,0.0,0.0,0.0,0.0,0.0,0.0
sodium picosulfate,0.53023547,0.0,1.3380276,0.0,0.34211,0.9963487,0.0,0.0,0.0,0.0,0.0,0.0,0.0,0.0,0.0,0.0
valacyclovir (hydrochloride),0.0,0.0,1.1293654,0.68017745,0.17180176,0.9048053,0.0,0.0,0.0,0.0,0.0,0.0,0.0,0.0,0.0,0.0
clemastine (fumarate),0.51280844,0.9756542,0.0,0.0,0.524949,0.0,0.06506085,0.0,0.0,0.0,0.0,0.0,0.0,0.0,0.0,0.0
phenylephrine (hydrochloride),0.0,0.0,0.0,0.61286235,0.0,0.0,0.0,0.0,0.0,0.0,0.0,0.0,0.0,0.0,0.0,0.0
allopurinol riboside,0.0,0.0,0.9354939,1.1100603,0.0,0.86443615,0.9810544,0.0,0.0,0.0,0.0,0.0,0.0,0.0,0.0,0.0
bromocriptine (mesylate),1.8681865,0.053027518,1.2174141,1.0898212,0.0,1.6402216,1.4613914,0.0,0.0,0.0,0.0,0.0,0.0,0.0,0.0,0.0
terbinafine hydrochloride,0.0,1.0849855,0.0,0.0,0.0,0.0,0.0,0.0,0.0,0.0,0.0,0.0,0.0,0.0,0.0,0.0
cefuroxime axetil,0.7034454,0.0,1.9567933,0.0,0.7875869,1.3668385,0.0,0.0,0.0,0.0,0.0,0.0,0.0,0.0,0.0,0.0
gliclazide,0.0,0.0,0.0,0.0,0.0,0.0,0.0,0.0,0.0,0.0,0.0,0.0,0.0,0.0,0.0,0.0
triclabendazole,0.0,1.192015,0.0,0.0,0.0,0.0,0.0,0.0,0.0,0.0,0.0,0.0,0.0,0.0,0.0,0.0
carbimazole,0.0,0.0,0.0,0.0,0.0,0.0,0.0,0.0,0.0,0.0,0.0,0.0,0.0,0.0,0.0,0.0
mecamylamine hydrochloride,0.0,0.13855053,0.0,0.0,0.0,0.0,0.0,0.0,0.0,0.0,0.0,0.0,0.0,0.0,0.0,0.0
buspirone hydrochloride,0.0,0.0,0.0,0.0,0.0,0.0,0.0,0.0,0.0,0.0,0.0,0.0,0.0,0.0,0.0,0.0
rimantadine hydrochloride,0.0,0.19907488,0.0,0.0,0.0,0.0,0.0,0.0,0.0,0.0,0.0,0.0,0.0,0.0,0.0,0.0
glipizide,0.0,0.0,0.0,0.0,0.0,0.0,0.0,0.0,0.0,0.0,0.0,0.0,0.0,0.0,0.0,0.0
xylometazoline hydrochloride,0.0,0.5318407,0.0,0.0,0.0,0.0,0.0,0.0,0.0,0.0,0.0,0.0,0.0,0.0,0.0,0.0
meclizine hydrochloride,0.0,1.2736834,0.0,0.0,0.0,0.0,0.0,0.0,0.0,0.0,0.0,0.0,0.0,0.0,0.0,0.0
cycloserine (d),0.0,0.0,0.0,0.0,0.0,0.0,0.0,0.0,0.0,0.0,0.0,0.0,0.0,0.0,0.0,3.3606672
carteolol hydrochloride,0.0,0.15755847,0.0,0.0,0.0,0.0,0.0,0.0,0.0,0.0,0.0,0.0,0.0,0.0,0.0,0.014029199
dicyclomine hydrochloride,0.0,0.7117868,0.0,0.0,0.083440475,0.0,0.0,0.0,0.0,0.0,0.0,0.0,0.0,0.0,0.0,0.0
dimenhydrinate,0.0,0.15598387,0.0,0.0,0.108223416,0.0,0.0,0.0,0.0,0.0,0.0,0.0,0.0,0.0,0.0,3.4767218
acyclovir,0.0,0.0,0.0,0.0,0.0,0.0,0.0,0.0,0.0,0.0,0.0,0.0,0.0,0.0,0.0,0.14451511
tetrahydrozoline hydrochloride,0.0,0.0,0.0,0.0,0.0,0.0,0.0,0.0,0.0,0.0,0.0,0.0,0.0,0.0,0.0,0.0
propantheline bromide,0.0,0.0,0.0,0.0,0.0,0.0,0.0,0.0,0.0,0.0,0.0,0.0,0.0,0.0,0.0,0.0
ethionamide,0.0,0.0,0.0,0.0,0.0,0.0,0.0,0.0,0.0,0.0,0.0,0.0,0.0,0.0,0.0,0.0
glyburide,0.0,0.15506376,0.0,0.0,0.0,0.0,0.0,0.0,0.0,0.0,0.0,0.0,0.0,0.0,0.0,0.0
chlorzoxazone,0.0,0.15506376,0.0,0.0,0.0,0.0,0.0,0.0,0.0,0.0,0.0,0.0,0.0,0.0,0.0,0.0
allopurinol,0.0,0.0,0.0,0.30399862,0.0,0.0,0.0,0.0,0.0,0.0,0.0,0.0,0.0,0.0,0.0,0.0
phenylephrine hydrochloride,0.0,0.0,0.0,0.63141406,0.0,0.0,0.0,0.0,0.0,0.0,0.0,0.0,0.0,0.0,0.0,0.0
ethambutol hydrochloride,0.0,0.0,0.0,0.65112054,0.0,0.0,0.0,0.0,0.0,0.0,0.0,0.0,0.0,0.0,0.0,0.0
pyrimethamine,0.0,0.052034322,0.0,0.0,0.0,0.0,0.0,1.5044708,0.0,0.0,0.0,4.2667904,0.0,0.0,0.0,1.1599971
praziquantel,0.0,0.052034322,0.0,0.0,0.0,0.0,0.0,1.5044708,0.0,0.0,0.0,4.2667904,0.0,0.0,0.0,1.1599971
guaifenesin,0.0,0.0,0.0,0.0,0.0,0.0,0.0,0.0,0.0,0.0,0.0,0.0,0.0,0.0,0.0,0.0
sulfamethizole,0.0,0.0,0.0,0.0,0.0,0.0,0.0,0.0,0.0,0.0,0.0,0.0,0.0,0.0,0.0,0.0
allantoin,0.0,0.0,0.0,0.46923372,0.0,0.0,0.0,0.0,0.0,0.0,0.0,0.0,0.0,0.0,0.0,0.0
bethanechol chloride,0.0,0.0,0.0,0.0,0.0,0.0,0.0,0.0,0.0,0.0,0.0,0.0,0.0,0.0,0.0,0.0
papaverine hydrochloride,0.0,0.0,0.0,0.0,0.0,0.0,0.0,0.0,0.0,0.0,0.0,0.0,0.0,0.0,0.0,0.0
oxymetazoline hydrochloride,0.0,0.0,0.0,0.0982869,0.0,0.0,0.0,0.0,0.0,0.0,0.0,0.0,0.0,0.0,0.0,0.0
probucol,0.0,1.4906604,0.0,0.0,0.0,0.0,0.0,0.0028416782,0.0,0.0,0.0,0.13768315,0.0,0.0,0.0,0.20108823
chlorpropamide,0.0,1.4906604,0.0,0.0,0.0,0.0,0.0,0.0028416782,0.0,0.0,0.0,0.13768315,0.0,0.0,0.0,0.20108823
pyrazinamide,0.0,0.0,0.0,0.0,0.0,0.0,0.0,1.1032405,0.0,0.0,0.0,0.0,0.0,0.0,0.0,0.0
benoxinate hydrochloride,0.0,0.0,0.0,0.0,0.0,0.0,0.0,1.1032405,0.0,0.0,0.0,0.0,0.0,0.0,0.0,0.0
probenecid,0.0,0.0,0.0,0.0,0.0,0.0,0.0,0.0,0.0,0.0,0.0,0.0,0.0,0.0,0.0,0.0
tolbutamide,0.0,0.0,0.0,0.0,0.0,0.0,0.0,0.22210467,0.0,0.0,0.0,0.0,0.0,0.0,0.0,0.0
naphazoline hydrochloride,0.0,0.0,0.0,0.0,0.0,0.0,0.0,0.0,0.0,0.0,0.0,0.0,0.0,0.0,0.0,0.0
tolazamide,0.0,0.0,0.0,0.0,0.0,0.0,0.0,0.1262672,0.0,0.0,0.0,0.0,0.0,0.0,0.0,0.0
nalidixic acid,0.0,0.0,0.0,0.0,0.0,0.0,0.0,0.0,0.0,0.0,0.0,0.08833504,0.0,0.0,0.0,0.0
clofibrate,0.0,0.0,0.0,0.0,0.0,0.0,0.0,0.0,0.0,0.0,0.0,0.0,0.0,0.0,0.0,0.0
neostigmine bromide,0.0,0.0,0.0,0.0,0.0,0.0,0.0,0.0,0.0,0.0,0.0,0.0,0.0,0.0,0.0,0.0
methocarbamol,0.0,0.0,0.0,0.0,0.0,0.0,0.0,0.0,0.0,0.0,0.0,0.0,0.0,0.0,0.0,0.0
acetazolamide,0.0,0.0,0.0,0.0,0.0,0.0,0.0,0.0,0.0,0.0,0.0,0.0,0.0,0.0,0.0,0.0
sulfadiazine,0.0,0.0,0.0,0.0,0.0,0.0,0.0,0.0,0.0,0.0,0.0,0.0,0.0,0.0,0.0,0.0
phentolamine hydrochloride,0.0,0.0,0.0,0.05060428,0.0,0.0,0.0,0.0,0.0,0.0,0.0,0.0,0.0,0.0,0.0,0.0
doxylamine succinate,0.0,0.0,0.0,0.078316875,0.47660044,0.0,0.0,0.0,0.0,0.0,0.0,0.0,0.0,0.0,0.0,0.0
mepenzolate bromide,0.0,0.0,0.0,0.0,0.0,0.0,0.0,0.0,0.0,0.0,0.0,0.0,0.0,0.0,0.0,0.0
gefitinib (zd1839),0.0,0.81252176,0.0,0.0,0.42928055,0.0,0.0,0.8845613,0.0,0.0,0.0,8.727357,0.0,0.0,0.0,0.0
rucaparib (ag-014699 or pf-01367338) phosphate,0.0,0.0,0.0,1.9050065,0.02789511,0.0,0.0,0.0,0.0,0.0,0.0,0.7200909,0.0,0.0,0.0,0.0
etc-1002,0.0,0.6436512,0.0,0.66516334,1.0434445,0.0,0.0,0.0,0.0,0.0,0.0,0.0,0.0,0.0,0.0,0.0
nifurtimox,0.0,0.0,0.0,0.0,0.033145092,0.0,0.0,0.0,0.0,0.0,0.0,0.0,0.0,0.0,0.0,1.8809516
rimegepant,0.0,0.5307598,0.0,0.0,0.0,0.0,0.0,0.0,0.0,0.0,0.0,0.0,0.0,0.0,0.0,0.25146446
moxonidine,0.0,0.0,0.0,0.0,0.0,0.0,0.0,0.0,0.0,0.0,0.0,0.0,0.0,0.0,0.0,2.452044
lubiprostone,0.0,0.6720699,0.0,0.0,1.4915752,0.0,0.0,0.7568433,0.0,0.0,0.0,0.0,0.0,0.0,0.0,0.0025032496
capmatinib,0.0,0.513135,0.0,0.0,0.0,0.0,0.0,0.0,0.0,0.0,0.0,0.0,0.0,0.0,0.0,0.0
cinnarizine,0.0,0.74157387,0.0,0.0,0.24439618,0.0,0.0,0.0,0.0,0.0,0.0,0.0,0.0,0.0,0.0,1.6122111
tedizolid,0.0,0.0,0.0,0.0,0.0,0.0,0.0,0.4008982,0.0,0.0,0.0,0.0,0.0,0.0,0.0,0.0
treprostinil,0.0,0.49879777,0.0,0.0,0.5814364,0.0,0.0,0.0,0.0,0.0,0.0,0.0,0.0,0.0,0.0,0.0
amisulpride,0.0,0.0,0.0,0.0,0.6551237,0.0,0.0,0.0,0.0,0.0,0.0,0.0,0.0,0.0,0.0,0.0
agomelatine,0.0,0.0,0.0,0.0,0.0,0.0,0.0,1.0553368,0.0,0.0,0.0,0.0,0.0,0.0,0.0,0.0
nitisinone,0.0,0.0,0.0,0.0,0.0,0.0,0.0,1.0553368,0.0,0.0,0.0,0.0,0.0,0.0,0.0,0.0
etoricoxib,0.0,0.0,0.0,0.0,0.0,0.0,0.0,0.3668855,0.0,0.0,0.0,0.0,0.0,0.0,0.0,0.0
moclobemide,0.0,0.0,0.0,0.0,0.0,0.0,0.0,0.0,0.0,0.0,0.0,0.0,0.0,0.0,0.0,0.52701104
safinamide,0.0,0.0,0.0,0.0,0.0,0.0,0.0,0.0,0.0,0.0,0.0,0.0,0.0,0.0,0.0,1.0026004
tasimelteon,0.0,0.03080745,0.0,0.0,0.0,0.0,0.0,1.411571,0.0,0.0,0.0,0.0,0.0,0.0,0.0,0.0
voxelotor,0.15505396,0.44741035,0.09199095,0.0,0.081259385,0.0,0.0,0.0,0.0,0.0,0.0,0.0,0.0,0.0,0.0,0.0
istradefylline,0.067675486,0.0,0.6942034,0.0,0.18403235,0.0,0.0,0.0,0.0,0.0,0.0,0.0,0.0,0.0,0.0,0.0
amifampridine,0.0,0.0,0.0,0.0,0.0,0.0,0.0,0.0,0.0,0.0,0.0,0.0,0.0,0.0,0.0,0.0
revefenacin,1.1366639,1.2694043,0.36217186,0.0,1.0001802,0.3283703,0.0,0.0,0.0,0.0,0.0,0.0,0.0,0.0,0.0,0.0
tezacaftor,0.8108755,0.53971994,0.6731925,0.8381726,0.6592879,0.60612524,0.0,0.0,0.0,0.0,0.0,0.0,0.0,0.0,0.0,0.0
lemborexant,0.51955855,0.70195657,0.0,0.0,0.0,0.0,0.0,0.46799427,0.0,0.0,0.0,0.0,0.0,0.0,0.0,0.0
riluzole,0.0,0.057226807,0.0,0.0,0.0,0.0,0.0,0.0,0.0,0.0,0.0,0.0,0.0,0.0,0.0,0.0
tamsulosin,0.3450702,0.38329783,0.06264153,0.0,0.87466574,0.0,0.0,0.0,0.0,0.0,0.0,0.0,0.0,0.0,0.0,0.0
relugolix,1.2698147,0.5800439,1.9945524,0.0,0.69783455,1.0516869,0.0,0.0,0.0,0.0,0.0,0.0,0.0,0.0,0.0,0.0
paritaprevir,2.1521902,0.6159996,2.214961,0.62517905,0.39630926,1.6055995,0.7122907,0.0,0.0,0.0,0.0,0.0,0.0,0.0,0.0,0.0
venetoclax,1.9365007,2.1231408,2.0229118,0.3456041,1.4844111,1.3390025,0.0011280031,0.0,0.0,0.0,0.0,0.0,0.0,0.0,0.0,0.0
osilodrostat,0.07615284,0.72249097,0.0,0.0,0.0,0.00086527446,0.0,0.0,0.0,0.0,0.0,0.0,0.0,0.0,0.0,0.0
uridine triacetate,0.0,0.0,0.0,0.0,0.0,0.0,0.1606598,0.0,0.0,0.0,0.0,0.0,0.0,0.0,0.0,0.0
epinastine,0.0,0.0,0.0,0.0,0.0,0.0,0.0061969645,0.0,0.0,0.0,0.0,0.0,0.0,0.0,0.0,0.0
varenicline,0.0,0.0,0.0,0.0,0.0,0.0,0.0,0.0,0.0,0.0,0.0,0.0,0.0,0.0,0.0,0.0
ranolazine,0.0,0.0,0.0,0.0,0.0,0.0,0.0,0.0,0.0,0.0,0.0,0.0,0.0,0.0,0.0,3.105093
domperidone,0.0,0.0,0.10107482,0.0,0.0,0.0,0.0,0.0,0.0,0.0,0.0,0.0,0.0,0.0,0.0,0.0
pilocarpine nitrate,0.0,0.0,0.10107482,0.0,0.0,0.0,0.0,0.0,0.0,0.0,0.0,0.0,0.0,0.0,0.0,0.0
trimethobenzamide hydrochloride,0.0,0.0,0.0,0.0,0.0,0.0,0.0,0.5466926,0.0,0.0,0.0,0.0,0.0,0.0,0.0,0.0
benzoic acid,0.0,0.0,0.0,0.0,0.0,0.0,0.0,1.1352713,0.0,0.0,0.0,0.0,0.0,0.0,0.0,0.0
urea,0.0,0.0,0.0,0.0,0.0,0.0,0.0,0.6429166,0.0,0.0,0.0,0.0,0.0,0.0,0.0,0.0
miconazole nitrate,0.0,1.3004341,0.0,0.0,0.0,0.0,0.0,0.000994551,0.0,0.0,0.0,0.0,0.0,0.0,0.0,0.0
tiopronin,0.0,0.0,0.0,0.0,0.0,0.0,0.0,0.0,0.0,0.0,0.0,0.0,0.0,0.0,0.0,0.0
mianserin hydrochloride,0.0,0.0,0.0,0.0,0.0,0.0,0.0,0.0,0.0,0.0,0.0,0.0,0.0,0.0,0.0,0.0
betahistine hydrochloride,0.0,0.26968986,0.0,0.0,0.0,0.0,0.0,1.029974,0.0,0.0,0.0,0.0,0.0,0.0,0.0,0.0
bifonazole,0.0,0.62827766,0.0,0.0,0.0,0.0,0.0,3.0203965,0.0,0.0,0.0,0.0,0.0,0.0,0.0,0.0
enoxacin,0.0,0.0,0.11593477,0.0,0.0,0.0,0.0,0.0,0.0,0.0,0.0,0.0,0.0,0.0,0.0,3.561321
rilpivirine,0.0,1.1347384,0.29169917,0.0,0.0,0.0,0.0,4.8610506,0.0,0.0,0.0,1.3930737,0.0,0.0,0.0,0.0
cabergoline,0.7219446,0.21078785,0.0,0.0,0.45762572,0.0,0.44736394,0.0,0.0,0.0,0.0,0.0,0.0,0.0,0.0,0.0
acrivastine,0.0,0.731532,0.0,0.0,0.0,0.0,0.0,1.146447,0.0,0.0,0.0,0.0,0.0,0.0,0.0,0.0
elvitegravir,0.39632764,0.5816391,0.030748105,0.0,0.25287622,0.0,0.0,0.0,0.0,0.0,0.0,0.0,0.0,0.0,0.0,0.0
dasabuvir,0.6645223,0.6568445,0.31055325,0.0,0.0,0.0,0.0,0.0,0.0,0.0,0.0,0.0,0.0,0.0,0.0,0.13354695
silodosin,0.5762153,0.35571158,0.21781442,0.0,1.6398592,0.0,0.0,0.0,0.0,0.0,0.0,0.0,0.0,0.0,0.0,2.5451226
lumacaftor,0.0,0.9963036,0.0,0.0,0.0,0.0,0.0,2.1574829,0.0,0.0,0.0,0.0,0.0,0.0,0.0,0.0
stiripentol,0.0,0.48616338,0.0,0.0,0.0,0.0,0.0,0.0,0.0,0.0,0.0,0.0,0.0,0.0,0.0,0.0
pretomanid,0.003263692,0.4229444,0.45221746,0.0,0.0,0.0,0.0,0.0006714891,0.0,0.0,0.0,0.0,0.0,0.0,0.0,0.0
rufinamide,0.0,0.0,0.0,0.0,0.0,0.0,0.0,0.0,0.0,0.0,0.0,0.0,0.0,0.0,0.0,0.63415843
(+)-camphor,0.0,0.21719919,0.0,0.0,0.0,0.0,0.16314279,0.0,0.0,0.0,0.0,0.0,0.0,0.0,0.0,0.0
parecoxib,0.0,0.5877859,0.0,0.0,0.0,0.0,0.0,0.1798771,0.0,0.0,0.0,0.0,0.0,0.0,0.0,0.0
saxagliptin,0.0,0.0,0.0,0.0,0.0,0.0,1.686638,0.0,0.0,0.0,0.0,0.0,0.0,0.0,0.0,0.0
bosutinib,0.50958467,1.2946751,0.99338204,0.0,0.8040612,0.0,0.0,0.849656,0.0,0.0,0.0,0.0,0.0,0.0,0.0,0.0
selexipag,0.6340591,0.69182163,0.44904017,0.0,1.0404603,0.0,0.0,0.0,0.0,0.0,0.0,0.0,0.0,0.0,0.0,0.0
cinacalcet,0.0,1.5889125,0.0,0.0,0.26484522,0.0,0.0,0.0,0.0,0.0,0.0,0.0,0.0,0.0,0.0,0.0
guaiacol,0.0,0.0,0.0,0.0,0.0,0.0,0.0,0.0,0.0,0.0,0.0,0.0,0.0,0.0,0.0,0.0
ethylenediamine tetracetate tetra-ethanolamine,0.0,0.0,1.2488089,3.0566077,0.90137106,3.0004425,0.0,0.0,0.0,0.0,0.0,0.0,0.0,0.0,0.0,0.115161486
alendronate sodium,0.0,0.0,0.58363485,2.3426425,0.4030977,2.456631,0.0,0.0,0.0,0.0,0.0,0.0,0.0,0.0,0.0,0.25747374
rizatriptan benzoate,0.0,0.0,0.40084958,2.1827102,0.69166195,2.2306352,0.0,0.0,0.0,0.0,0.0,0.0,0.0,0.0,0.0,0.8264432
metaxalone,0.0,0.0,0.0,0.0,0.0,0.0,0.0,0.0,0.0,0.0,0.0,0.0,0.0,0.0,0.0,0.0
donepezil hydrochloride,0.0,1.0454608,0.0,0.0,0.0,0.0,0.0,0.0,0.0,0.0,0.0,0.0,0.0,0.0,0.0,0.0
fampridine,0.0,0.0,0.0,0.0,0.0,0.0,0.0,0.0,0.0,0.0,0.0,0.0,0.0,0.0,0.0,0.0
cysteamine hydrochloride,0.0,0.0,0.0,0.0,0.0,0.0,0.0,0.0,0.0,0.0,0.0,0.0,0.0,0.0,0.0,0.0
zolmitriptan,0.0,0.0,0.0,0.0,0.0,0.0,0.0,0.0,0.0,0.0,0.0,0.0,0.0,0.0,0.0,1.104673
fusidic acid,0.6686264,1.345842,0.0,0.39571762,0.0,0.0,3.2572181,0.0,0.0,0.0,0.0,0.0,0.0,0.0,0.0,0.0
mebeverine hydrochloride,0.44988656,1.0503744,0.0,0.0,1.6321713,0.0,0.0,0.0,0.0,0.0,0.0,0.0,0.0,0.0,0.0,0.0
sumatriptan,0.0,0.0,0.0,0.0,0.0,0.0,0.0,0.0,0.0,0.0,0.0,0.0,0.0,0.0,0.0,0.0
fexofenadine hydrochloride,0.9216597,1.5682544,0.0,0.48844677,0.9871985,0.0,0.0,0.0,0.0,0.0,0.0,0.0,0.0,0.0,0.0,0.0
lofexidine  hydrochloride,0.0,0.4821932,0.0,0.0,0.0,0.0,0.0,0.0,0.0,0.0,0.0,0.0,0.0,0.0,0.0,0.0
alfuzosin hydrochloride,0.32622406,0.0,0.92284423,0.0,0.4946853,0.38725603,0.0,0.0,0.0,0.0,0.0,0.0,0.0,0.0,0.0,0.0
famciclovir,0.0,0.0,1.4242731,0.0,0.20838803,0.48696736,0.0,0.0,0.0,0.0,0.0,0.0,0.0,0.0,0.0,0.4578269
nefopam,0.0,0.296716,0.0,0.0,0.0,0.0,0.0,0.0,0.0,0.0,0.0,0.0,0.0,0.0,0.0,0.0
almotriptan,0.0,0.0,0.0,0.0,0.0,0.0,0.0,0.0,0.0,0.0,0.0,0.0,0.0,0.0,0.0,0.0
valacyclovir hydrochloride,0.0,0.0,1.5117443,0.48527163,0.1890208,1.1170545,0.0,0.0,0.0,0.0,0.0,0.0,0.0,0.0,0.0,0.0
gramicidin (gramicidin a shown),8.542824,0.7568134,3.8677475,10.247778,10.007524,8.162125,4.3794208,1.0691509,0.0,0.0,0.0,0.0,0.0,0.0,0.0,0.0
eugenol,0.0,0.0,0.0,0.0,0.0,0.0,0.0,0.0,0.0,0.0,0.0,0.0,0.0,0.0,0.0,0.0
antazoline,0.0,0.19776988,0.0,0.0,0.0,0.0,0.0,0.0,0.0,0.0,0.0,0.0,0.0,0.0,0.0,0.0
capsaicin,0.0,0.8973141,0.0,0.0,0.76227915,0.0,0.0,0.0,0.0,0.0,0.0,0.0,0.0,0.0,0.0,0.0
hexylresorcinol,0.0,0.3405945,0.0,0.0,0.0,0.0,0.0,0.0,0.0,0.0,0.0,0.0,0.0,0.0,0.0,0.0
cyclizine,0.0,0.32667753,0.0,0.0,0.0,0.0,0.0,0.0,0.0,0.0,0.0,0.0,0.0,0.0,0.0,0.0
procyclidine hydrochloride,0.0,0.8059359,0.0,0.0,0.0,0.0,0.0,0.0,0.0,0.0,0.0,0.0,0.0,0.0,0.0,0.0
mesalamine,0.0,0.0,0.0,0.5660509,0.0,0.0,0.0,0.0,0.0,0.0,0.0,0.0,0.0,0.0,0.0,0.7898252
guanethidine,0.0,0.0,0.0,0.539391,0.0,0.0,0.0,0.0,0.0,0.0,0.0,0.0,0.0,0.0,0.0,0.0
gemfibrozil,0.0,0.59288186,0.0,0.0,0.0,0.0,0.0,0.0054312884,0.0,0.0,0.0,0.0,0.0,0.0,0.0,0.3480136
sulfacetamide,0.0,0.0,0.0,0.0,0.0,0.0,0.0,0.0,0.0,0.0,0.0,0.0,0.0,0.0,0.0,0.0
benzonatate,1.2047698,0.26326436,2.2872264,0.0,5.6371083,0.5743278,0.0,0.0,0.0,0.0,0.0,0.0,0.0,0.0,0.0,0.0
dextromethorphan hydrobromide,0.0,0.76041603,0.0,0.0,0.0,0.0,0.0,0.0,0.0,0.0,0.0,0.0,0.0,0.0,0.0,0.0
clidinium bromide,0.0,0.0,0.0,0.0,0.0,0.0,0.28445762,0.0,0.0,0.0,0.0,0.0,0.0,0.0,0.0,0.0
gluconolactone,0.0,0.0,0.0,1.2208196,0.0,0.3868308,0.89049536,0.0,0.0,0.0,0.0,0.0,0.0,0.0,0.0,0.0
metaproterenol,0.0,0.0,0.0,1.0578425,0.0,0.0,0.0,0.0,0.0,0.0,0.0,0.0,0.0,0.0,0.0,0.0
methenamine,0.0,0.0,0.0,0.0,0.0,0.0,0.71964335,0.0,0.0,0.0,0.0,0.0,0.0,0.0,0.0,0.0
orphenadrine citrate,0.5622247,0.0,0.0,1.6521366,1.4216245,0.86692363,0.0,0.0,0.0,0.0,0.0,0.0,0.0,0.0,0.0,0.0
uridine,0.0,0.0,0.7004433,1.3347349,0.0,0.48993012,0.606807,0.0,0.0,0.0,0.0,0.0,0.0,0.0,0.0,0.0
mannitol,0.0,0.0,0.36237586,2.3429642,0.0,0.45840403,0.8066333,0.0,0.0,0.0,0.0,0.0,0.0,0.0,0.0,0.0
ondansetron,0.0,0.33128858,0.0,0.0,0.0,0.0,0.0,0.0,0.0,0.0,0.0,0.16768971,0.0,0.0,0.0,0.0
inosine,0.0,0.0,0.9658179,0.9424432,0.0,0.8523938,0.77656114,0.0,0.0,0.0,0.0,0.0,0.0,0.0,0.0,0.0
carglumic acid,0.0,0.0,0.0,1.2711786,0.0,0.38357627,0.0,0.0,0.0,0.0,0.0,0.0,0.0,0.0,0.0,0.0
l-cycloserine,0.0,0.0,0.0,0.0,0.0,0.0,0.0,0.0,0.0,0.0,0.0,0.0,0.0,0.0,0.0,4.541071
galanthamine,0.0,0.0,0.0,0.0,0.0,0.0,0.0,0.0,0.0,0.0,0.0,0.0,0.0,0.0,0.0,0.0
levetiracetam,0.0,0.0,0.0,0.0,0.0,0.0,0.0,0.4511475,0.0,0.0,0.0,0.0,0.0,0.0,0.0,0.0
voriconazole,0.0,0.0,0.0,0.0,0.0,0.0,0.0,0.0,0.0,0.0,0.0,0.0,0.0,0.0,0.0,0.0
isosorbide mononitrate,0.0,0.0,0.0,0.0,0.0,0.0,0.65890217,0.0,0.0,0.0,0.0,0.0,0.0,0.0,0.0,1.3394737
deflazacort,0.27348927,0.0,0.49948934,0.0,0.0,0.0,2.3445542,0.0,0.0,0.0,0.0,0.0,0.0,0.0,0.0,0.94830245
orlistat,0.61391133,1.7949257,0.0,0.0,3.8496032,0.0,0.7964843,0.0,0.0,0.0,0.0,0.5506666,0.0,0.0,0.0,0.0
moxidectin,1.5591215,1.3954861,1.3296251,0.0,0.0,0.33359814,2.8821871,0.0,0.0,0.0,0.0,0.0,0.0,0.0,0.0,0.0
hydroxyzine pamoate,2.4641733,2.1883314,0.78752494,1.5689919,1.3644638,1.0827215,0.0,0.0,0.0,0.0,0.0,0.0,0.0,0.0,0.0,0.0
diazoxide,0.0,0.0,0.0,0.0,0.0,0.0,0.0,0.0,0.0,0.0,0.0,0.0,0.0,0.0,0.0,0.0
cefaclor,0.0,0.0,0.0,0.5762627,0.0,0.38260835,0.43308085,1.8942765,0.0011820184,0.0,0.0,0.0118284095,0.0,0.0,0.0,1.5662311
methazolamide,0.0,0.0,0.0,0.0,0.0,0.26915777,0.0,0.0,0.0,0.0,0.0,0.0,0.0,0.0,0.0,0.67795956
natamycin,1.5019581,0.0,2.701805,2.7713778,0.0,2.5532691,4.439702,0.0,0.0,0.0,0.0,0.0,0.0,0.0,0.0,0.0
aztreonam,0.14823319,0.0,1.8912973,1.435679,0.29998922,2.2924504,0.0,0.0,0.0,0.0,0.0,0.0,0.0,0.0,0.0,0.0
nizatidine,0.0,0.0,0.9454697,0.0,1.1304909,0.0,0.0,0.0,0.0,0.0,0.0,0.0,0.0,0.0,0.0,0.0
mebendazole,0.0,0.2896619,0.0,0.0,0.0,0.0,0.0,0.5677858,0.0,0.0,0.0,0.48614886,0.0,0.0,0.0,0.0
nitrofurantoin,0.0,0.0,0.2760283,0.0,0.0,0.5045169,0.0,1.0461935,0.0,0.0,0.0,0.0,0.0,0.0,0.0,0.0
repaglinide,0.0,1.0746326,0.0,0.0,1.2373569,0.0,0.0,0.0,0.0,0.0,0.0,0.0,0.0,0.0,0.0,0.9393851
flunisolide,0.27956483,0.0,0.09733282,0.0,0.0,0.0,2.6998796,0.0,0.0,0.0,0.0,0.0,0.0,0.0,0.0,0.0
isosorbide dinitrate,0.0,0.0,0.99122894,0.0,0.0,0.50791436,0.88941693,0.0,0.0,0.0,0.0,0.0,0.0,0.0,0.0032046402,0.0
cimetidine,0.0,0.0,0.0,0.5862543,0.0,0.0,0.0,0.0,0.0,0.0,0.0,0.0,0.0,0.0,0.0,0.0
furazolidone,0.0,0.0,0.0,0.0,0.0,0.0,0.0,2.4233317,0.0,0.0,0.0,0.0,0.0,0.0,0.0,0.0
belumosudil,0.0,0.98370636,0.24985957,0.59243304,0.0,0.2620705,0.0,0.0,0.0,0.0,0.0,1.419109,0.0,0.0,0.0,0.0
tepotinib (emd 1214063),0.663507,0.6602819,0.9294979,0.0,0.2890514,0.14585216,0.0,0.0,0.0,0.0,0.0,0.0,0.0,0.0,0.0,0.0
telotristat,0.852517,0.95590657,1.0040022,0.45273265,0.43086764,1.0809191,0.0,0.0,0.0,0.0,0.0,0.0,0.0,0.0,0.0,0.0
fexinidazole,0.0,0.0,0.0,0.0,0.0,0.0,0.0,0.8564862,0.0,0.0,0.0,0.0,0.0,0.0,0.0,0.0
umbralisib,1.0484436,1.7600596,0.9231997,0.0,0.0,0.358656,0.0030287472,1.3094878,0.0,0.0,0.0,0.0,0.0,0.0,0.0,0.0
zileuton,0.0,0.0,0.0,0.0,0.0,0.0,0.0,0.0,0.0,0.0,0.0,0.0,0.0,0.0,0.0,0.0
dydrogesterone,0.0,0.9630794,0.0,0.0,0.0,0.0,1.4745309,0.0,0.0,0.0,0.0,0.0,0.0,0.0,0.0,1.3123252
