,0,1,2,3,4,5,6,7,8,9,10,11,12,13,14,15
0,-1.5694878,-2.2898157,1.3052176,3.15585,-2.1897817,4.7078195,-2.8856988,4.94334,-3.7892995,5.810289,-2.9735076,5.067923,4.663133,0.2275215,-4.966847,-3.97415
1,-1.5694878,-2.2898157,1.3052176,3.15585,-2.1897817,4.7078195,-2.8856988,4.94334,-3.7892995,5.810289,-2.9735076,5.067923,4.663133,0.2275215,-4.966847,-3.97415
2,-1.569488,-2.2898157,1.3052176,3.1558504,-2.1897817,4.7078195,-2.8856988,4.943341,-3.7892995,5.8102894,-2.9735076,5.0679226,4.6631336,0.2275215,-4.966847,-3.97415
3,-1.569488,-2.2898157,1.3052176,3.1558504,-2.1897817,4.7078195,-2.8856988,4.943341,-3.7892995,5.8102894,-2.9735076,5.0679226,4.6631336,0.2275215,-4.966847,-3.97415
4,-1.5694882,-2.2898154,1.3052175,3.1558497,-2.1897817,4.7078195,-2.8856986,4.9433403,-3.7893,5.8102884,-2.9735074,5.0679226,4.663133,0.2275215,-4.966847,-3.9741502
5,-1.5694882,-2.2898154,1.3052175,3.1558497,-2.1897817,4.7078195,-2.8856986,4.9433403,-3.7893,5.8102884,-2.9735074,5.0679226,4.663133,0.2275215,-4.966847,-3.9741502
6,-1.5694882,-2.2898154,1.3052176,3.1558502,-2.189782,4.7078195,-2.8856986,4.9433403,-3.7893,5.810288,-2.9735074,5.0679226,4.663133,0.2275215,-4.966847,-3.9741502
7,-1.5694882,-2.2898154,1.3052176,3.1558502,-2.189782,4.7078195,-2.8856986,4.9433403,-3.7893,5.810288,-2.9735074,5.0679226,4.663133,0.2275215,-4.966847,-3.9741502
8,-1.5694879,-2.2898154,1.3052175,3.1558502,-2.1897817,4.7078195,-2.8856986,4.943341,-3.7892997,5.8102884,-2.9735074,5.0679226,4.663133,0.2275215,-4.966847,-3.9741502
9,-1.5694879,-2.2898154,1.3052175,3.1558502,-2.1897817,4.7078195,-2.8856986,4.943341,-3.7892997,5.8102884,-2.9735074,5.0679226,4.663133,0.2275215,-4.966847,-3.9741502
10,-1.5694882,-2.2898154,1.3052176,3.1558502,-2.1897817,4.7078195,-2.8856986,4.9433403,-3.7892997,5.8102884,-2.9735074,5.0679226,4.663133,0.22752146,-4.966847,-3.9741502
11,-1.5694882,-2.2898154,1.3052176,3.1558502,-2.1897817,4.7078195,-2.8856986,4.9433403,-3.7892997,5.8102884,-2.9735074,5.0679226,4.663133,0.22752146,-4.966847,-3.9741502
12,-1.569488,-2.2898154,1.3052175,3.1558504,-2.1897817,4.7078195,-2.8856986,4.943341,-3.7892997,5.8102875,-2.9735074,5.0679226,4.663133,0.22752151,-4.966847,-3.9741502
13,-1.569488,-2.2898154,1.3052175,3.1558504,-2.1897817,4.7078195,-2.8856986,4.943341,-3.7892997,5.8102875,-2.9735074,5.0679226,4.663133,0.22752151,-4.966847,-3.9741502
14,-1.569488,-2.2898154,1.3052176,3.1558506,-2.1897817,4.7078195,-2.8856986,4.943341,-3.7892997,5.8102875,-2.9735074,5.0679226,4.663133,0.2275215,-4.966847,-3.9741502
15,-1.569488,-2.2898154,1.3052176,3.1558506,-2.1897817,4.7078195,-2.8856986,4.943341,-3.7892997,5.8102875,-2.9735074,5.0679226,4.663133,0.2275215,-4.966847,-3.9741502
16,-1.5694879,-2.2898154,1.3052176,3.1558506,-2.1897817,4.7078195,-2.8856986,4.9433403,-3.7892997,5.8102884,-2.9735074,5.067922,4.663133,0.2275215,-4.966847,-3.9741502
17,-1.5694879,-2.2898154,1.3052176,3.1558506,-2.1897817,4.7078195,-2.8856986,4.9433403,-3.7892997,5.8102884,-2.9735074,5.067922,4.663133,0.2275215,-4.966847,-3.9741502
18,-1.569488,-2.2898154,1.3052176,3.15585,-2.1897817,4.7078195,-2.8856986,4.943341,-3.7892997,5.8102894,-2.9735074,5.067922,4.6631336,0.2275215,-4.966847,-3.9741502
19,-1.4084458,-2.072935,1.1814167,2.8219693,-2.6716297,4.711043,-2.5209408,4.875387,-3.59356,5.18297,-2.7082846,4.399861,4.780566,-0.068199456,-5.04999,-3.5182602
20,1.2620198,1.4361626,-0.89516234,-2.4964027,-8.080227,3.2435393,3.034795,2.4310825,0.19806713,-4.7531023,1.6511691,-5.939806,4.7258763,-4.066038,-4.6053877,3.760286
21,1.2620199,1.4361625,-0.8951623,-2.4964027,-8.080227,3.2435393,3.034795,2.4310825,0.19806714,-4.753103,1.6511692,-5.9398065,4.7258763,-4.066038,-4.6053877,3.760286
22,1.2985349,1.5370004,-0.9411377,-2.701241,-8.114473,3.1270437,3.1728845,2.29653,0.3288519,-4.9719315,1.7626076,-6.1668186,4.610826,-4.0954604,-4.47783,3.8764055
23,1.2985349,1.5370004,-0.9411377,-2.701241,-8.114473,3.1270437,3.1728845,2.2965298,0.3288519,-4.9719315,1.7626075,-6.1668186,4.6108265,-4.0954604,-4.4778295,3.8764055
24,1.2985349,1.5370005,-0.9411377,-2.701241,-8.114473,3.1270437,3.1728845,2.29653,0.3288519,-4.9719315,1.7626075,-6.1668186,4.610826,-4.0954604,-4.4778295,3.8764052
25,1.2985349,1.5370004,-0.9411377,-2.701241,-8.114473,3.1270435,3.1728845,2.29653,0.32885188,-4.971931,1.7626076,-6.1668186,4.610826,-4.0954604,-4.4778295,3.8764055
26,1.2985349,1.5370004,-0.94113773,-2.701241,-8.114473,3.1270437,3.1728845,2.2965302,0.32885188,-4.971931,1.7626076,-6.1668186,4.610826,-4.0954604,-4.477829,3.8764055
27,1.2985349,1.5370005,-0.9411377,-2.701241,-8.114473,3.1270437,3.1728845,2.2965302,0.3288519,-4.9719315,1.7626076,-6.1668186,4.610826,-4.09546,-4.4778295,3.8764055
28,1.298535,1.5370005,-0.9411376,-2.701241,-8.114473,3.1270437,3.1728845,2.29653,0.3288519,-4.971931,1.7626076,-6.1668186,4.610826,-4.0954604,-4.4778295,3.8764055
29,1.298535,1.5370005,-0.9411376,-2.701241,-8.114472,3.1270437,3.1728845,2.2965302,0.3288519,-4.971931,1.7626077,-6.166819,4.610826,-4.09546,-4.4778295,3.8764055
30,1.2985351,1.5370004,-0.9411377,-2.701241,-8.114472,3.1270437,3.1728845,2.2965302,0.32885197,-4.9719315,1.7626077,-6.166819,4.610826,-4.0954604,-4.4778295,3.8764052
31,1.2985351,1.5370004,-0.9411376,-2.701241,-8.114472,3.1270437,3.1728845,2.2965298,0.32885197,-4.9719315,1.7626076,-6.166819,4.610826,-4.0954604,-4.4778285,3.8764052
32,1.298535,1.5370004,-0.9411377,-2.701241,-8.114472,3.1270437,3.1728845,2.2965298,0.32885194,-4.971931,1.7626076,-6.1668186,4.6108265,-4.0954604,-4.4778295,3.8764052
33,1.2985349,1.5370004,-0.9411377,-2.701241,-8.114473,3.1270437,3.1728845,2.29653,0.32885197,-4.9719305,1.7626077,-6.166819,4.610826,-4.09546,-4.47783,3.8764055
34,1.298535,1.5370004,-0.94113773,-2.7012408,-8.114473,3.1270437,3.1728845,2.2965298,0.32885197,-4.971931,1.7626076,-6.166819,4.6108265,-4.09546,-4.4778295,3.8764055
35,1.2985349,1.5370004,-0.94113773,-2.7012408,-8.114473,3.1270437,3.1728845,2.29653,0.328852,-4.9719315,1.7626077,-6.166819,4.6108265,-4.0954604,-4.47783,3.8764052
36,1.298535,1.5370004,-0.94113773,-2.7012408,-8.114472,3.1270437,3.1728845,2.2965298,0.328852,-4.971931,1.7626077,-6.166819,4.6108265,-4.09546,-4.477829,3.8764052
37,1.298535,1.5370005,-0.9411377,-2.7012408,-8.114472,3.1270437,3.1728845,2.2965298,0.32885197,-4.971931,1.7626076,-6.166819,4.6108265,-4.09546,-4.4778295,3.8764052
38,1.2985351,1.5370004,-0.9411377,-2.7012408,-8.114472,3.1270437,3.1728845,2.29653,0.328852,-4.971931,1.7626076,-6.1668186,4.610826,-4.0954604,-4.4778295,3.8764052
39,1.298535,1.5370004,-0.9411377,-2.701241,-8.114472,3.1270437,3.1728845,2.29653,0.328852,-4.9719315,1.7626076,-6.1668186,4.610826,-4.0954604,-4.4778295,3.8764052
40,1.298535,1.5370004,-0.9411376,-2.701241,-8.114472,3.1270437,3.1728845,2.29653,0.32885197,-4.9719315,1.7626076,-6.166819,4.6108265,-4.0954604,-4.477829,3.8764052
41,1.298535,1.5370004,-0.9411377,-2.701241,-8.114472,3.1270437,3.1728845,2.29653,0.32885197,-4.971931,1.7626076,-6.166819,4.610826,-4.09546,-4.47783,3.8764052
42,1.298535,1.5370004,-0.9411377,-2.701241,-8.114472,3.1270437,3.1728845,2.29653,0.3288519,-4.971931,1.7626076,-6.1668186,4.610826,-4.0954604,-4.477829,3.8764052
43,1.298535,1.5370004,-0.9411376,-2.701241,-8.114472,3.1270437,3.1728842,2.2965302,0.3288519,-4.9719315,1.7626076,-6.1668186,4.610826,-4.0954604,-4.47783,3.8764052
44,1.298535,1.5370004,-0.9411376,-2.701241,-8.114473,3.1270437,3.1728845,2.29653,0.32885194,-4.9719315,1.7626077,-6.1668186,4.610826,-4.09546,-4.4778304,3.8764052
45,1.2985349,1.5370004,-0.94113773,-2.7012413,-8.114473,3.1270437,3.1728845,2.29653,0.32885194,-4.9719305,1.7626077,-6.166819,4.610826,-4.0954604,-4.47783,3.8764052
46,1.2985349,1.5370005,-0.9411377,-2.701241,-8.114473,3.1270437,3.1728845,2.29653,0.32885194,-4.971931,1.7626076,-6.166819,4.610826,-4.0954604,-4.47783,3.8764055
47,1.2985349,1.5370004,-0.9411376,-2.701241,-8.114473,3.1270437,3.1728845,2.2965298,0.32885194,-4.971931,1.7626077,-6.166819,4.6108265,-4.0954604,-4.47783,3.8764055
48,1.2985352,1.5370004,-0.94113773,-2.701241,-8.114473,3.1270437,3.1728845,2.29653,0.328852,-4.971931,1.7626077,-6.166819,4.610826,-4.09546,-4.47783,3.8764055
49,1.2985351,1.5370005,-0.94113773,-2.701241,-8.114473,3.1270437,3.1728847,2.29653,0.32885197,-4.971931,1.7626076,-6.166819,4.610826,-4.09546,-4.47783,3.8764052
50,1.2985351,1.5370005,-0.9411377,-2.701241,-8.114473,3.1270437,3.1728845,2.2965298,0.32885197,-4.9719305,1.7626076,-6.1668186,4.610826,-4.0954604,-4.477829,3.8764055
51,1.2985349,1.5370004,-0.9411377,-2.701241,-8.114473,3.1270437,3.1728845,2.29653,0.3288519,-4.971931,1.7626076,-6.1668186,4.610826,-4.0954604,-4.477829,3.8764055
52,1.2985351,1.5370004,-0.94113773,-2.701241,-8.114473,3.1270437,3.1728845,2.29653,0.32885194,-4.971931,1.7626076,-6.1668186,4.610826,-4.0954604,-4.4778295,3.8764052
53,1.298535,1.5370005,-0.94113773,-2.701241,-8.114473,3.1270437,3.1728845,2.29653,0.32885197,-4.971931,1.7626077,-6.1668186,4.610826,-4.0954604,-4.47783,3.8764055
54,2.1800225,0.52860534,-5.148114,-3.640276,-2.7509334,4.282608,-0.31834555,2.4279172,3.0293102,-0.9459095,-2.3266768,-7.9250727,-1.7946682,-6.584443,-7.113369,4.700837
55,1.8499761,-0.92203826,-6.786146,-2.4874802,5.044117,2.9731946,-4.0832186,1.0747449,4.2601876,4.2055364,-5.5520787,-5.0794573,-7.9858294,-5.386587,-5.754593,2.7715333
56,1.8499761,-0.92203826,-6.786146,-2.4874802,5.044117,2.9731946,-4.083218,1.074745,4.2601886,4.2055364,-5.5520787,-5.0794573,-7.9858294,-5.386587,-5.754593,2.7715333
57,1.8499762,-0.9220383,-6.786146,-2.4874802,5.044117,2.9731946,-4.083218,1.074745,4.2601886,4.2055364,-5.5520787,-5.0794573,-7.9858294,-5.386587,-5.7545934,2.7715333
58,1.8499761,-0.9220383,-6.786146,-2.4874802,5.044117,2.9731946,-4.0832176,1.074745,4.260188,4.205537,-5.5520787,-5.079457,-7.9858294,-5.386587,-5.754594,2.7715333
59,1.8499761,-0.9220383,-6.786146,-2.4874804,5.044117,2.9731946,-4.083218,1.074745,4.260188,4.205537,-5.5520787,-5.079457,-7.9858294,-5.386587,-5.7545934,2.7715333
60,1.8499761,-0.9220383,-6.786146,-2.4874802,5.0441175,2.9731946,-4.083218,1.074745,4.260188,4.205537,-5.5520787,-5.079457,-7.9858294,-5.386587,-5.7545934,2.7715333
61,1.8499761,-0.9220383,-6.786146,-2.4874802,5.0441175,2.9731946,-4.0832176,1.074745,4.260188,4.205537,-5.5520787,-5.079457,-7.9858294,-5.3865876,-5.7545934,2.7715333
62,1.8499761,-0.9220383,-6.786146,-2.4874804,5.044117,2.9731946,-4.0832176,1.074745,4.2601886,4.205537,-5.5520787,-5.079457,-7.9858294,-5.386587,-5.7545934,2.7715333
63,1.8499761,-0.9220383,-6.786146,-2.4874804,5.044117,2.9731946,-4.0832176,1.074745,4.2601886,4.205537,-5.5520787,-5.079457,-7.9858294,-5.386587,-5.7545934,2.7715335
64,1.8499761,-0.92203826,-6.786146,-2.4874804,5.044117,2.9731946,-4.083218,1.074745,4.2601886,4.205537,-5.5520787,-5.079457,-7.9858294,-5.386587,-5.7545934,2.7715333
65,1.849976,-0.92203826,-6.786146,-2.4874804,5.044117,2.9731946,-4.083218,1.074745,4.260188,4.2055364,-5.552079,-5.079457,-7.9858294,-5.3865876,-5.7545934,2.7715335
66,1.849976,-0.92203826,-6.786146,-2.4874804,5.044117,2.9731946,-4.083218,1.074745,4.2601886,4.205537,-5.5520787,-5.079457,-7.9858294,-5.386587,-5.7545934,2.7715335
67,1.8499761,-0.9220383,-6.786146,-2.4874804,5.044117,2.9731946,-4.0832186,1.074745,4.260189,4.205537,-5.5520787,-5.079457,-7.9858294,-5.3865876,-5.7545934,2.7715335
68,1.8499761,-0.92203826,-6.786146,-2.4874804,5.044117,2.9731946,-4.083218,1.074745,4.2601876,4.205537,-5.552079,-5.079457,-7.9858294,-5.386587,-5.7545934,2.7715335
69,1.8499761,-0.92203826,-6.786146,-2.4874804,5.044117,2.9731946,-4.0832176,1.074745,4.2601886,4.205537,-5.5520787,-5.079457,-7.9858294,-5.386587,-5.7545934,2.7715335
70,1.8499761,-0.92203826,-6.786146,-2.4874802,5.044117,2.9731946,-4.083218,1.074745,4.2601886,4.205537,-5.5520787,-5.079457,-7.9858294,-5.3865876,-5.7545934,2.7715335
71,1.8499761,-0.9220383,-6.786146,-2.4874802,5.044117,2.9731946,-4.083218,1.074745,4.2601886,4.205537,-5.5520787,-5.079457,-7.9858294,-5.3865876,-5.7545934,2.7715335
72,1.8499761,-0.9220383,-6.7861466,-2.4874804,5.044117,2.9731946,-4.0832176,1.074745,4.2601886,4.205537,-5.552079,-5.079457,-7.9858294,-5.386587,-5.754594,2.7715337
73,1.8499761,-0.92203826,-6.7861466,-2.4874804,5.044117,2.9731946,-4.083218,1.074745,4.2601876,4.205537,-5.5520787,-5.079457,-7.9858294,-5.386587,-5.754594,2.7715335
74,1.8499761,-0.92203826,-6.786146,-2.4874804,5.044117,2.9731946,-4.0832176,1.0747449,4.2601876,4.205537,-5.552079,-5.079457,-7.9858294,-5.386587,-5.7545934,2.7715333
75,1.8499761,-0.92203826,-6.786146,-2.4874804,5.044117,2.9731946,-4.0832186,1.074745,4.2601876,4.205537,-5.5520787,-5.079457,-7.9858294,-5.386587,-5.754594,2.7715335
76,1.8499761,-0.92203826,-6.786146,-2.4874804,5.044117,2.9731946,-4.083218,1.074745,4.260188,4.205537,-5.5520787,-5.079457,-7.9858294,-5.386587,-5.7545934,2.7715335
77,1.8499761,-0.92203826,-6.786146,-2.4874802,5.044117,2.9731946,-4.0832176,1.074745,4.2601876,4.205537,-5.5520787,-5.079457,-7.9858294,-5.386587,-5.7545934,2.7715335
78,0.5794602,0.092579395,-4.9560456,-1.9799228,4.2279587,2.3679473,-3.8027663,0.42505768,3.518944,2.9527197,-4.1470046,-3.7251718,-5.9986124,-4.224008,-4.687511,2.1141417
79,0.5794602,0.09257935,-4.9560456,-1.9799228,4.2279587,2.3679473,-3.8027668,0.42505768,3.5189438,2.9527197,-4.1470046,-3.7251718,-5.9986124,-4.224008,-4.687511,2.114142
80,0.57946026,0.092579365,-4.956046,-1.9799228,4.2279587,2.3679473,-3.802767,0.42505762,3.518944,2.9527197,-4.147005,-3.725172,-5.9986124,-4.224008,-4.687511,2.114142
81,-1.425011,1.3514086,0.40232715,-0.27655783,0.5184156,0.16165586,-0.9832177,-0.701895,0.46373558,-0.52174354,0.17785162,0.22319083,0.16696578,-0.18199095,-0.45417842,-0.010665027
82,-1.425011,1.3514086,0.40232718,-0.2765579,0.5184156,0.16165587,-0.9832176,-0.70189506,0.46373558,-0.52174354,0.17785162,0.22319081,0.1669658,-0.18199092,-0.45417845,-0.010665035
83,-1.425011,1.3514086,0.40232718,-0.2765579,0.5184156,0.16165587,-0.9832176,-0.70189506,0.46373558,-0.52174354,0.17785162,0.22319081,0.1669658,-0.18199092,-0.45417845,-0.010665035
84,-1.425011,1.3514086,0.40232715,-0.27655783,0.5184156,0.16165586,-0.9832177,-0.701895,0.46373558,-0.5217435,0.17785162,0.22319083,0.16696581,-0.18199095,-0.45417842,-0.010665024
85,-1.425011,1.3514086,0.40232715,-0.27655783,0.5184156,0.16165586,-0.9832177,-0.701895,0.46373558,-0.5217435,0.17785162,0.22319083,0.16696581,-0.18199095,-0.45417842,-0.010665024
86,-1.4250109,1.3514086,0.40232715,-0.27655783,0.5184156,0.16165586,-0.9832177,-0.70189506,0.46373555,-0.52174354,0.17785162,0.22319083,0.16696581,-0.18199095,-0.45417842,-0.010665027
87,-1.4250109,1.3514086,0.40232715,-0.27655783,0.5184156,0.16165586,-0.9832177,-0.70189506,0.46373555,-0.52174354,0.17785162,0.22319083,0.16696581,-0.18199095,-0.45417842,-0.010665027
88,-1.4925364,1.4346,0.48755217,-0.271279,0.52162,0.12858717,-1.0414903,-0.75743,0.42533618,-0.5919392,0.2085588,0.29918674,0.2662303,-0.139984,-0.37981707,-0.05988456
89,-1.4925364,1.4346,0.48755217,-0.271279,0.52162,0.12858717,-1.0414903,-0.75743,0.42533618,-0.5919392,0.2085588,0.29918674,0.2662303,-0.139984,-0.37981707,-0.05988456
90,-1.4925364,1.4346,0.48755217,-0.271279,0.52162,0.12858719,-1.0414904,-0.75743,0.42533618,-0.5919392,0.2085588,0.29918677,0.2662303,-0.13998401,-0.3798171,-0.059884563
91,-1.4925364,1.4346,0.48755217,-0.271279,0.52162,0.12858719,-1.0414904,-0.75743,0.42533618,-0.5919392,0.2085588,0.29918674,0.2662303,-0.13998401,-0.37981707,-0.059884563
92,-1.4925363,1.4346001,0.4875522,-0.27127904,0.52162,0.12858717,-1.0414903,-0.75742996,0.4253362,-0.5919392,0.2085588,0.2991867,0.2662303,-0.13998401,-0.37981707,-0.059884578
93,-1.4925363,1.4346001,0.4875522,-0.27127904,0.52162,0.12858717,-1.0414903,-0.75742996,0.4253362,-0.5919392,0.2085588,0.2991867,0.2662303,-0.13998401,-0.37981707,-0.059884578
94,-1.1337116,1.0550911,0.7186915,0.026854023,0.1466269,-0.07543617,-0.6464513,-0.5724947,0.04449538,-0.61585194,0.42264318,0.5480664,0.6668888,0.21437174,0.054143626,-0.22375081
95,-1.6772332,0.40833932,-0.18096572,-1.8807791,-0.0076258117,-0.21089897,0.81859994,-0.57492644,0.9673555,0.50897384,0.3348212,1.1316011,1.1825804,-0.20613225,0.6336823,-0.6237666
96,-1.6772332,0.40833938,-0.18096569,-1.8807793,-0.007625807,-0.21089897,0.81859994,-0.5749264,0.9673556,0.5089738,0.33482116,1.1316012,1.1825805,-0.20613225,0.63368237,-0.6237666
97,-1.7272085,0.34776297,-0.26310778,-2.0466719,-0.022249896,-0.22424261,0.9520543,-0.57713467,1.0520918,0.612118,0.33899474,1.1934884,1.2350984,-0.24419267,0.68755466,-0.65551966
98,-1.3594781,-0.21847051,-0.76335716,-2.4803603,-0.08702786,-0.22261375,1.4979506,-0.34813914,1.2271544,1.0957553,0.11009731,1.0638896,1.0490043,-0.44398624,0.7907768,-0.6561998
99,-1.3594782,-0.21847051,-0.76335716,-2.4803605,-0.087027855,-0.22261377,1.4979506,-0.34813914,1.2271544,1.0957552,0.11009732,1.0638895,1.0490043,-0.44398624,0.79077667,-0.65619975
100,-1.3594782,-0.21847051,-0.7633571,-2.4803603,-0.087027855,-0.22261377,1.4979506,-0.3481391,1.2271544,1.0957553,0.11009732,1.0638896,1.0490043,-0.44398624,0.7907768,-0.65619975
101,-1.3594782,-0.21847051,-0.7633571,-2.4803603,-0.08702786,-0.22261377,1.4979504,-0.34813914,1.2271544,1.0957553,0.11009732,1.0638896,1.0490043,-0.44398624,0.7907768,-0.6561998
102,-1.0990679,-0.96898586,-1.1455209,-2.164543,0.474642,-0.7428244,2.1481173,-0.49299812,1.2834969,1.4906281,0.2389417,1.6179466,1.4452487,-1.2871277,0.8553197,-0.0066571627
103,-1.0990679,-0.96898586,-1.1455209,-2.164543,0.47464207,-0.7428244,2.148117,-0.49299815,1.2834969,1.490628,0.2389417,1.6179467,1.4452485,-1.2871276,0.85531974,-0.006657133
104,-1.0990679,-0.9689858,-1.1455209,-2.164543,0.4746421,-0.7428244,2.1481173,-0.49299812,1.2834969,1.490628,0.23894168,1.6179466,1.4452486,-1.2871277,0.8553197,-0.006657131
105,-1.0990678,-0.9689858,-1.1455208,-2.164543,0.4746421,-0.7428243,2.1481173,-0.4929981,1.283497,1.4906279,0.23894171,1.6179467,1.4452486,-1.2871277,0.8553197,-0.006657131
106,-1.0990678,-0.9689858,-1.1455208,-2.164543,0.4746421,-0.7428243,2.1481173,-0.49299812,1.2834969,1.490628,0.23894171,1.6179466,1.4452487,-1.2871279,0.8553196,-0.006657116
107,-1.0990678,-0.9689858,-1.1455208,-2.1645427,0.4746421,-0.7428243,2.1481173,-0.4929981,1.2834969,1.490628,0.23894171,1.6179467,1.4452487,-1.2871277,0.8553196,-0.006657116
108,-1.0990679,-0.9689858,-1.145521,-2.164543,0.47464207,-0.7428244,2.148117,-0.49299812,1.283497,1.4906278,0.23894171,1.6179467,1.4452487,-1.2871279,0.85531974,-0.0066571645
109,-1.0990679,-0.9689858,-1.1455209,-2.164543,0.47464207,-0.7428244,2.148117,-0.49299812,1.283497,1.4906278,0.23894171,1.6179467,1.4452487,-1.287128,0.85531974,-0.00665712
110,-1.0990679,-0.96898586,-1.145521,-2.1645427,0.47464204,-0.7428244,2.148117,-0.49299812,1.283497,1.4906278,0.2389417,1.6179467,1.4452487,-1.287128,0.8553197,-0.006657159
111,-1.047318,-1.0832332,-1.2277871,-2.2160447,0.4636765,-0.75848615,2.2738795,-0.4585574,1.316256,1.5848411,0.23205939,1.6346527,1.4439479,-1.3309884,0.8731869,0.0157574
112,-0.9359662,-1.3662889,-1.4413323,-2.3322334,0.44784462,-0.7984679,2.5710475,-0.40332064,1.4137508,1.8178878,0.26855728,1.7328943,1.491774,-1.465074,0.9303266,0.09270553
113,-0.9359662,-1.3662888,-1.4413323,-2.3322334,0.44784462,-0.7984679,2.5710475,-0.40332064,1.4137508,1.8178878,0.26855728,1.7328943,1.491774,-1.465074,0.9303266,0.09270556
114,-0.9359662,-1.3662888,-1.4413323,-2.3322334,0.44784462,-0.79846793,2.5710475,-0.40332064,1.4137508,1.8178877,0.26855728,1.7328943,1.491774,-1.4650741,0.9303266,0.09270555
115,-0.9359662,-1.3662888,-1.4413323,-2.3322334,0.44784462,-0.79846793,2.5710475,-0.40332064,1.4137508,1.8178877,0.26855728,1.7328944,1.4917741,-1.4650741,0.9303266,0.09270555
116,-0.9359662,-1.3662887,-1.4413323,-2.332233,0.44784465,-0.79846793,2.5710475,-0.40332064,1.4137509,1.8178877,0.26855728,1.7328944,1.4917741,-1.4650741,0.9303267,0.09270555
117,-0.9359662,-1.3662887,-1.4413323,-2.3322332,0.44784462,-0.79846793,2.5710475,-0.40332064,1.4137508,1.8178877,0.26855728,1.7328944,1.4917741,-1.465074,0.9303266,0.09270558
118,1.1478359,-2.2375097,-0.7810347,2.976936,2.91235,-2.4831772,0.95411223,-0.98261446,-0.6892636,-0.13381407,1.5682849,2.2548728,2.7323663,-4.5000653,-0.20875803,3.4923906
119,1.1478359,-2.2375097,-0.7810347,2.976936,2.91235,-2.4831774,0.95411223,-0.98261446,-0.6892636,-0.13381405,1.5682849,2.2548728,2.7323663,-4.5000653,-0.20875803,3.4923906
120,1.1478361,-2.2375097,-0.78103477,2.9769359,2.91235,-2.4831774,0.9541121,-0.98261446,-0.6892635,-0.13381404,1.568285,2.254873,2.7323663,-4.5000653,-0.20875804,3.4923906
121,1.1478361,-2.2375097,-0.7810347,2.9769359,2.91235,-2.4831772,0.9541121,-0.98261446,-0.6892636,-0.13381404,1.568285,2.254873,2.7323663,-4.5000653,-0.20875804,3.4923909
122,1.147836,-2.2375097,-0.7810347,2.976936,2.91235,-2.4831772,0.9541121,-0.98261434,-0.6892636,-0.13381404,1.568285,2.254873,2.7323663,-4.5000653,-0.20875803,3.4923909
123,1.1478359,-2.2375097,-0.7810347,2.9769356,2.91235,-2.4831772,0.95411223,-0.98261446,-0.6892636,-0.13381404,1.568285,2.254873,2.7323663,-4.5000653,-0.20875803,3.4923906
124,1.147836,-2.23751,-0.78103477,2.976936,2.9123497,-2.4831772,0.95411223,-0.9826145,-0.6892636,-0.13381407,1.568285,2.254873,2.7323663,-4.5000653,-0.20875804,3.4923906
125,1.147836,-2.23751,-0.78103477,2.976936,2.9123497,-2.4831772,0.95411223,-0.9826145,-0.6892636,-0.133814,1.568285,2.254873,2.7323663,-4.5000653,-0.20875804,3.4923906
126,1.147836,-2.2375097,-0.7810347,2.9769356,2.91235,-2.4831774,0.95411223,-0.9826145,-0.6892635,-0.13381404,1.568285,2.254873,2.7323663,-4.5000653,-0.20875803,3.4923906
127,1.147836,-2.2375097,-0.7810347,2.9769356,2.91235,-2.4831772,0.95411223,-0.9826145,-0.6892635,-0.13381402,1.568285,2.2548733,2.7323663,-4.5000653,-0.20875803,3.4923909
128,1.1478359,-2.2375097,-0.78103465,2.9769356,2.91235,-2.4831774,0.9541124,-0.9826145,-0.6892636,-0.1338141,1.568285,2.2548733,2.7323663,-4.5000653,-0.20875803,3.4923909
129,1.147836,-2.2375097,-0.7810347,2.9769359,2.91235,-2.4831774,0.9541124,-0.98261446,-0.6892635,-0.13381402,1.568285,2.254873,2.7323663,-4.5000653,-0.20875803,3.4923909
130,2.2127476,-1.9421144,0.041255165,5.619969,3.474315,-2.637617,-0.5329293,-0.9899819,-1.9169778,-1.3972927,1.6641326,1.6266301,2.2938676,-4.672127,-0.976827,4.5090814
131,2.2127476,-1.9421144,0.041255165,5.619969,3.474315,-2.637617,-0.5329293,-0.9899819,-1.9169778,-1.3972927,1.6641326,1.6266301,2.2938676,-4.672127,-0.976827,4.5090814
132,2.2127473,-1.9421144,0.04125517,5.619969,3.474315,-2.6376169,-0.53292936,-0.9899819,-1.9169779,-1.3972929,1.6641326,1.6266301,2.2938676,-4.672127,-0.976827,4.5090814
133,2.2127473,-1.9421144,0.04125517,5.619969,3.474315,-2.6376169,-0.53292936,-0.9899819,-1.9169779,-1.3972929,1.6641326,1.6266301,2.2938676,-4.672127,-0.976827,4.5090814
134,2.2127476,-1.9421144,0.041255176,5.619969,3.474315,-2.637617,-0.53292936,-0.9899819,-1.9169779,-1.3972929,1.6641325,1.6266301,2.2938676,-4.672127,-0.9768271,4.5090814
135,2.2127476,-1.9421144,0.041255172,5.619969,3.474315,-2.637617,-0.5329293,-0.9899819,-1.9169779,-1.3972929,1.6641325,1.6266301,2.2938676,-4.672127,-0.97682697,4.509082
136,2.2127473,-1.9421142,0.041255165,5.619969,3.4743147,-2.6376169,-0.5329293,-0.9899819,-1.9169779,-1.3972929,1.6641325,1.6266301,2.2938678,-4.672127,-0.9768271,4.5090823
137,2.2127473,-1.9421142,0.041255165,5.619969,3.4743147,-2.6376169,-0.5329293,-0.9899819,-1.9169779,-1.3972929,1.6641325,1.6266301,2.2938678,-4.672127,-0.976827,4.509082
138,2.2127473,-1.9421142,0.041255165,5.619969,3.474315,-2.6376169,-0.5329293,-0.9899819,-1.9169779,-1.3972927,1.6641326,1.6266301,2.2938676,-4.672127,-0.97682697,4.509082
139,2.2127473,-1.9421142,0.041255165,5.619969,3.474315,-2.6376169,-0.5329293,-0.9899819,-1.9169779,-1.3972927,1.6641326,1.6266301,2.2938676,-4.672127,-0.97682697,4.509082
140,2.2127473,-1.9421142,0.04125517,5.619969,3.474315,-2.6376169,-0.5329293,-0.98998183,-1.9169779,-1.3972929,1.6641326,1.6266301,2.2938676,-4.672127,-0.9768271,4.509081
141,2.2127473,-1.9421142,0.04125517,5.619969,3.474315,-2.6376169,-0.5329293,-0.98998183,-1.9169779,-1.3972929,1.6641326,1.6266301,2.2938676,-4.672127,-0.9768271,4.509081
142,2.2127476,-1.9421142,0.041255172,5.619969,3.474315,-2.6376169,-0.53292924,-0.9899819,-1.9169779,-1.3972929,1.6641325,1.6266302,2.2938678,-4.672127,-0.9768271,4.509082
143,2.2127476,-1.9421142,0.04125517,5.619969,3.474315,-2.637617,-0.53292924,-0.9899819,-1.9169779,-1.3972929,1.6641325,1.6266302,2.2938678,-4.672127,-0.9768271,4.509082
144,2.2127476,-1.9421142,0.04125517,5.6199694,3.474315,-2.6376169,-0.53292924,-0.9899819,-1.9169778,-1.3972929,1.6641325,1.6266301,2.293868,-4.672127,-0.9768271,4.509082
145,2.2127476,-1.9421142,0.04125517,5.619969,3.474315,-2.6376166,-0.53292924,-0.9899819,-1.9169779,-1.3972929,1.6641325,1.6266301,2.293868,-4.672127,-0.9768271,4.509082
146,2.2127473,-1.9421142,0.041255172,5.619969,3.474315,-2.6376169,-0.5329293,-0.9899819,-1.916978,-1.3972929,1.6641326,1.6266302,2.2938678,-4.6721272,-0.97682697,4.5090814
147,2.2127473,-1.9421142,0.041255172,5.619969,3.474315,-2.6376169,-0.5329293,-0.9899819,-1.916978,-1.3972929,1.6641326,1.6266302,2.2938678,-4.6721272,-0.97682697,4.5090814
148,2.2127473,-1.9421142,0.041255165,5.619969,3.474315,-2.6376166,-0.5329293,-0.9899819,-1.9169779,-1.3972929,1.6641326,1.6266301,2.2938678,-4.6721272,-0.97682697,4.5090814
149,2.2127473,-1.9421142,0.041255165,5.619969,3.474315,-2.6376166,-0.5329293,-0.9899819,-1.9169779,-1.3972929,1.6641326,1.6266301,2.2938678,-4.6721272,-0.9768271,4.5090814
150,2.2127473,-1.9421142,0.041255176,5.6199694,3.474315,-2.6376169,-0.5329293,-0.9899819,-1.9169779,-1.3972929,1.6641327,1.6266302,2.2938678,-4.672127,-0.976827,4.509082
151,2.2127473,-1.9421142,0.041255172,5.6199694,3.474315,-2.6376169,-0.5329293,-0.9899819,-1.9169779,-1.3972929,1.6641327,1.6266302,2.2938678,-4.672127,-0.976827,4.509082
152,2.2127473,-1.9421144,0.041255165,5.619969,3.4743152,-2.6376166,-0.53292936,-0.9899819,-1.9169779,-1.3972929,1.6641326,1.6266302,2.2938678,-4.6721272,-0.97682697,4.5090814
153,2.2127473,-1.9421144,0.04125517,5.619969,3.4743152,-2.6376169,-0.5329293,-0.9899819,-1.9169779,-1.3972929,1.6641326,1.6266302,2.2938678,-4.672127,-0.9768269,4.5090814
154,2.2127473,-1.9421141,0.041255165,5.619969,3.474315,-2.6376169,-0.5329293,-0.9899819,-1.9169779,-1.3972929,1.6641327,1.6266302,2.2938678,-4.672127,-0.976827,4.509082
155,2.2127473,-1.9421141,0.041255165,5.619969,3.474315,-2.6376169,-0.5329293,-0.9899819,-1.9169779,-1.3972929,1.6641326,1.6266302,2.2938676,-4.672127,-0.976827,4.5090814
156,2.2127473,-1.9421142,0.041255165,5.6199694,3.474315,-2.6376169,-0.53292936,-0.98998195,-1.916978,-1.3972929,1.6641326,1.6266302,2.2938678,-4.6721272,-0.97682697,4.5090814
157,2.2127473,-1.9421142,0.041255165,5.6199694,3.474315,-2.6376169,-0.53292936,-0.98998195,-1.916978,-1.3972929,1.6641326,1.6266302,2.2938678,-4.6721272,-0.97682697,4.5090814
158,2.2127473,-1.9421142,0.041255165,5.6199694,3.474315,-2.637617,-0.53292936,-0.9899819,-1.916978,-1.3972929,1.6641327,1.6266301,2.2938676,-4.672127,-0.976827,4.509082
159,2.2127473,-1.9421142,0.04125517,5.6199694,3.474315,-2.637617,-0.53292936,-0.9899819,-1.916978,-1.3972929,1.6641326,1.6266301,2.2938676,-4.6721263,-0.9768271,4.509082
160,2.2127473,-1.9421142,0.041255165,5.619969,3.474315,-2.6376169,-0.5329293,-0.98998195,-1.916978,-1.3972929,1.6641327,1.6266302,2.2938676,-4.672127,-0.9768271,4.509082
161,2.2127473,-1.9421142,0.041255165,5.619969,3.474315,-2.6376169,-0.5329293,-0.98998195,-1.916978,-1.3972929,1.6641326,1.6266302,2.2938676,-4.6721272,-0.9768271,4.5090814
162,2.2127473,-1.9421142,0.041255165,5.619969,3.4743152,-2.637617,-0.53292936,-0.9899819,-1.9169779,-1.3972929,1.6641328,1.6266302,2.2938676,-4.672127,-0.9768271,4.5090814
163,2.2127473,-1.9421142,0.04125516,5.619969,3.4743152,-2.6376169,-0.53292936,-0.9899819,-1.9169779,-1.3972929,1.6641327,1.6266302,2.2938676,-4.672127,-0.9768271,4.5090814
164,2.2127473,-1.9421144,0.04125517,5.6199694,3.4743152,-2.6376169,-0.53292936,-0.98998195,-1.9169779,-1.3972929,1.6641328,1.6266303,2.2938676,-4.6721272,-0.976827,4.5090814
165,2.1635358,-1.873863,0.076636806,5.4743295,3.3781915,-2.6173606,-0.55183196,-0.9706449,-1.8778498,-1.3713582,1.6298728,1.5846506,2.204606,-4.5492487,-0.9646334,4.3841867
166,2.032992,-1.7091337,0.14666457,5.187828,3.1613166,-2.570359,-0.58782744,-0.9396641,-1.7869118,-1.3328043,1.5714353,1.5093712,2.0461316,-4.287443,-0.94051045,4.1249022
167,2.032992,-1.7091337,0.14666457,5.187828,3.1613166,-2.570359,-0.58782744,-0.9396641,-1.7869118,-1.3328044,1.5714353,1.5093712,2.0461316,-4.287443,-0.94051045,4.1249022
168,2.0329921,-1.7091337,0.14666457,5.187828,3.1613166,-2.570359,-0.58782744,-0.93966407,-1.786912,-1.3328044,1.5714353,1.5093712,2.0461316,-4.287443,-0.9405105,4.1249027
169,2.0329921,-1.7091337,0.14666459,5.187828,3.1613166,-2.570359,-0.5878275,-0.93966407,-1.786912,-1.3328044,1.5714353,1.5093712,2.0461316,-4.287443,-0.9405105,4.1249027
170,0.2536617,0.0022657067,0.31811196,0.7249722,0.2836553,-0.6736301,-0.36909586,-0.1488343,-0.28150505,-0.28940547,0.26784745,0.2336925,0.055774048,-0.44823194,-0.24732688,0.41667733
171,-0.023526937,0.2985283,0.42204243,0.030637622,-0.065800354,-0.5152072,-0.4509651,-0.097309165,-0.013971895,-0.1738863,0.11478376,0.053879138,-0.26502728,0.00944747,-0.12113157,-0.078896776
172,-0.023526937,0.2985283,0.42204243,0.030637681,-0.065800354,-0.5152072,-0.4509651,-0.097309165,-0.013971902,-0.1738863,0.11478375,0.053879138,-0.26502728,0.00944747,-0.121131584,-0.078896776
173,-0.76652306,1.056701,0.45638353,-1.2156794,-0.730885,-0.020147935,-0.51991963,-0.0833336,0.50229543,-0.02478391,-0.23226309,-0.32532093,-0.6343769,0.9184018,0.2786854,-1.1034654
174,-0.6112609,0.8534949,0.22337118,-0.5336699,-0.091492236,-0.10425729,-0.5482707,-0.23221558,0.3996439,-0.1461757,-0.19653985,-0.30324262,-0.08261509,0.23183802,0.469051,-0.57326305
175,-0.3755265,0.6691854,0.11244582,0.2484667,0.28351712,-0.430654,-0.4993449,-0.22054006,0.17229117,-0.2801518,-0.41095814,-0.535026,0.29862002,-0.15544617,0.5574944,-0.46950364
176,-0.3699578,0.5506786,0.13736534,0.12623836,0.20107618,-0.49203,-0.36957934,-0.13566554,0.14088637,-0.20625693,-0.44380367,-0.6460346,0.34272525,-0.1549085,0.45904523,-0.6219184
177,-0.46772146,0.5868632,0.17892297,-0.016087271,0.14928615,-0.49444473,-0.35094008,-0.107411444,0.14191565,-0.17267731,-0.5121469,-0.66639805,0.3349834,-0.11312364,0.4133795,-0.74841106
178,-0.46772146,0.5868632,0.17892297,-0.016087264,0.14928614,-0.49444473,-0.3509401,-0.10741145,0.14191565,-0.17267731,-0.5121469,-0.66639805,0.3349834,-0.11312365,0.4133795,-0.7484111
179,-0.42318782,0.49460542,0.19425963,-0.07453025,0.094374254,-0.4754915,-0.27180916,-0.05600153,0.107845455,-0.14250459,-0.52191114,-0.63285303,0.25496927,-0.07349882,0.31747386,-0.76963556
180,-0.6466596,0.8454151,-2.0462773,1.1133419,0.417148,-0.61967885,0.9915641,1.2704811,0.8255,-1.4261409,-0.0045460537,0.35410795,-0.32615244,1.1449901,-0.4890896,-1.3263732
181,-1.0098859,1.5389719,-7.0273237,3.8729982,1.2016846,-0.74349296,3.4803066,4.218364,2.378917,-4.6830473,1.3607094,2.4493077,-1.4539306,3.4416337,-2.183436,-2.9241097
182,-1.0098859,1.5389717,-7.0273237,3.8729982,1.2016846,-0.74349296,3.4803066,4.218364,2.378917,-4.6830473,1.3607093,2.4493074,-1.4539304,3.4416337,-2.1834362,-2.9241097
183,-1.0098859,1.5389717,-7.0273237,3.8729982,1.2016846,-0.74349296,3.4803066,4.218364,2.378917,-4.6830473,1.3607093,2.4493074,-1.4539304,3.4416337,-2.1834362,-2.9241097
184,-0.96022785,1.5378883,-7.3090115,4.094908,1.266297,-0.7399425,3.6113381,4.3556633,2.453703,-4.857633,1.4785235,2.585455,-1.5194415,3.5439105,-2.2563596,-2.9084585
185,-0.96022785,1.5378883,-7.3090115,4.094908,1.266297,-0.7399425,3.6113381,4.3556633,2.453703,-4.857633,1.4785235,2.585455,-1.5194415,3.5439105,-2.2563596,-2.9084585
186,-0.96022785,1.5378883,-7.3090115,4.094908,1.2662971,-0.73994243,3.6113381,4.3556633,2.453703,-4.8576336,1.4785235,2.585455,-1.5194415,3.5439107,-2.2563598,-2.9084587
187,-0.96022785,1.5378883,-7.3090115,4.094908,1.2662971,-0.73994243,3.6113381,4.3556633,2.453703,-4.8576336,1.4785235,2.585455,-1.5194415,3.5439107,-2.2563598,-2.9084587
188,-0.96022785,1.5378883,-7.309012,4.094908,1.266297,-0.7399425,3.6113381,4.3556633,2.453703,-4.857633,1.4785235,2.585455,-1.5194416,3.5439107,-2.2563598,-2.9084585
189,-0.96022785,1.5378883,-7.309012,4.094908,1.266297,-0.7399425,3.6113381,4.3556633,2.453703,-4.857633,1.4785235,2.585455,-1.5194416,3.5439107,-2.2563598,-2.9084585
190,-0.96022785,1.5378883,-7.3090115,4.094908,1.266297,-0.7399425,3.6113381,4.3556633,2.453703,-4.857633,1.4785235,2.585455,-1.5194415,3.5439107,-2.2563598,-2.9084587
191,-0.96022785,1.5378883,-7.3090115,4.094908,1.266297,-0.7399425,3.6113381,4.3556633,2.453703,-4.857633,1.4785235,2.585455,-1.5194415,3.5439107,-2.2563596,-2.9084587
192,-0.96022785,1.5378883,-7.309012,4.094908,1.266297,-0.7399425,3.6113381,4.3556633,2.453703,-4.857633,1.4785235,2.5854547,-1.5194415,3.5439107,-2.2563596,-2.9084582
193,-0.96022785,1.5378883,-7.309012,4.094908,1.266297,-0.7399425,3.6113381,4.3556633,2.453703,-4.857633,1.4785235,2.585455,-1.5194415,3.5439107,-2.2563596,-2.9084585
194,-1.1080618,0.9262204,-6.1791587,3.9030664,1.0049905,-0.28388458,3.0773482,3.300118,2.0733416,-3.9946494,1.314561,1.6825105,-1.3328962,3.0936747,-1.5080516,-2.6097507
195,-0.62173605,-0.7051256,-0.22102422,0.7202836,-0.0929687,0.6031171,0.12426195,-0.5935928,0.02884988,0.1211825,0.3166899,-0.89715385,-0.123742886,0.141022,0.6716981,-0.55678725
196,-0.62173605,-0.7051256,-0.22102422,0.72028357,-0.09296869,0.6031171,0.124261945,-0.5935929,0.02884988,0.12118248,0.3166899,-0.8971539,-0.12374288,0.14102198,0.67169803,-0.55678725
197,-0.62173605,-0.7051256,-0.22102422,0.72028357,-0.09296869,0.6031171,0.124261945,-0.5935929,0.02884988,0.12118248,0.3166899,-0.8971539,-0.12374288,0.14102198,0.67169803,-0.55678725
198,-0.62173605,-0.7051256,-0.22102422,0.7202836,-0.0929687,0.6031171,0.124261945,-0.5935929,0.028849881,0.1211825,0.3166899,-0.8971539,-0.12374289,0.141022,0.67169803,-0.5567872
199,-1.711388,-1.5959085,-0.7542663,1.5831804,-0.64768577,1.036922,0.032254525,-1.333008,-0.25334135,0.40784186,0.8146045,-1.799314,-0.4719312,0.06484627,1.36941,-0.81080294
200,-1.6746037,-1.4754745,-0.7310495,1.477175,-0.7419744,0.86021245,-0.045176726,-1.248095,-0.3471442,0.4284341,0.78030837,-1.592821,-0.46417978,-0.0035232604,1.236185,-0.59324896
201,-1.6746037,-1.4754746,-0.7310495,1.477175,-0.7419744,0.8602124,-0.045176726,-1.2480949,-0.34714422,0.4284341,0.78030837,-1.5928211,-0.46417978,-0.00352326,1.236185,-0.593249
202,-1.6746037,-1.4754744,-0.7310495,1.4771751,-0.74197435,0.8602124,-0.045176726,-1.248095,-0.3471442,0.4284341,0.78030837,-1.5928211,-0.46417978,-0.0035232601,1.236185,-0.593249
203,-1.6746037,-1.4754744,-0.7310495,1.4771751,-0.7419744,0.8602124,-0.045176726,-1.2480949,-0.3471442,0.4284341,0.78030837,-1.5928211,-0.46417978,-0.0035232601,1.236185,-0.593249
204,-1.6746036,-1.4754746,-0.7310495,1.4771751,-0.7419744,0.86021245,-0.045176726,-1.2480949,-0.3471442,0.4284341,0.78030837,-1.5928211,-0.46417978,-0.0035232594,1.2361851,-0.593249
205,-1.6746037,-1.4754744,-0.7310495,1.477175,-0.74197435,0.8602124,-0.045176726,-1.248095,-0.3471442,0.4284341,0.78030837,-1.5928211,-0.46417978,-0.0035232601,1.236185,-0.593249
206,-1.6077204,-1.4711258,-0.67574644,1.3610882,-0.71795887,0.81384104,0.026619766,-1.1679624,-0.3031738,0.4160962,0.7395019,-1.5551267,-0.47703153,-0.014115151,1.2019687,-0.6234358
207,-1.6077204,-1.4711258,-0.67574644,1.361088,-0.71795887,0.813841,0.026619766,-1.1679624,-0.3031738,0.41609624,0.73950195,-1.5551267,-0.47703153,-0.014115149,1.2019687,-0.6234358
208,-1.4044636,-1.3134515,-0.39454016,1.3832747,-0.57828534,0.8406483,0.2171651,-1.1236379,-0.17786281,0.57657516,0.9327457,-1.587924,-0.5061379,-0.01383834,1.0053818,-0.71205395
209,-1.4044636,-1.3134516,-0.39454022,1.3832747,-0.57828534,0.84064835,0.2171651,-1.1236379,-0.17786281,0.57657516,0.93274575,-1.5879239,-0.5061379,-0.01383834,1.0053818,-0.71205395
210,-1.4044636,-1.3134515,-0.3945402,1.3832747,-0.5782853,0.84064835,0.21716508,-1.1236379,-0.1778628,0.57657516,0.9327457,-1.587924,-0.50613797,-0.01383834,1.0053817,-0.712054
211,-1.4044636,-1.3134515,-0.3945402,1.3832747,-0.5782852,0.84064835,0.2171651,-1.1236379,-0.1778628,0.5765752,0.93274575,-1.587924,-0.50613797,-0.01383834,1.0053817,-0.712054
212,-0.631945,-0.6871017,0.06639387,0.8399941,-0.18161885,0.47405124,0.32116473,-0.62809867,-0.0035973229,0.48568308,0.6826469,-0.9597174,-0.31490448,0.0028760983,0.47344357,-0.5065448
213,1.128556,0.7472712,2.353209,1.0334426,1.2164369,0.91702825,2.2518759,-0.30650514,1.2411146,1.80528,2.2570593,-1.3163092,-0.6991141,0.08601524,-1.0256035,-1.3990246
214,2.0441914,1.6057895,3.303542,0.8541105,1.8259559,1.0021905,2.9784,0.029117113,1.7954085,2.258554,2.8162127,-1.1780581,-0.76793975,0.10523388,-1.8809483,-1.6728194
215,2.0441914,1.6057895,3.303542,0.8541105,1.8259559,1.0021905,2.9784,0.029117113,1.7954085,2.258554,2.8162127,-1.1780581,-0.76793975,0.10523388,-1.8809483,-1.6728194
216,2.0441914,1.6057895,3.303542,0.8541105,1.8259559,1.0021905,2.9784,0.029117113,1.7954085,2.258554,2.8162127,-1.1780581,-0.76793975,0.10523388,-1.8809483,-1.6728194
217,1.6099238,1.3711811,2.9507983,0.7206133,1.6957788,0.86624163,2.313171,-0.08607547,1.7460169,1.6919935,2.3620906,-0.96037,-0.66082186,0.1724773,-1.5470629,-1.434875
218,1.6099238,1.3711811,2.9507985,0.7206133,1.6957788,0.8662416,2.3131711,-0.08607547,1.7460169,1.6919935,2.3620906,-0.96036994,-0.66082186,0.1724773,-1.5470628,-1.4348751
219,0.4326954,0.56141514,1.3060205,0.17335968,0.64512455,0.25164586,0.5970712,-0.14726046,0.89951384,0.4737041,0.84695894,-0.39402008,-0.19654708,0.14979038,-0.5329284,-0.62162614
220,0.43269533,0.56141514,1.3060205,0.17335968,0.64512455,0.25164586,0.5970712,-0.14726047,0.89951384,0.4737041,0.84695894,-0.39402008,-0.19654708,0.14979039,-0.5329284,-0.62162626
221,0.43269533,0.56141514,1.3060205,0.17335968,0.64512455,0.25164586,0.5970712,-0.14726047,0.89951384,0.4737041,0.84695894,-0.39402008,-0.19654708,0.14979039,-0.5329284,-0.62162626
222,-0.16506605,0.2673004,0.50668824,-0.08115728,0.08889759,0.07916935,-0.36961815,-0.3192683,0.62061495,-0.30705094,0.17000394,0.09678988,0.06613668,0.22808279,0.03145001,-0.3155883
223,0.5373723,-0.10774262,0.14816706,-0.1161729,-0.6526211,0.12526792,-0.6535274,-0.79064226,0.7716239,-0.25790536,0.27760285,0.50564426,-0.2021899,0.37421113,0.1183689,-0.17483553
224,0.6512827,-0.25099218,0.06077486,-0.07120958,-0.6472895,0.15888791,-0.6014968,-0.81586504,0.73260564,-0.24043873,0.28760198,0.5692416,-0.30835348,0.37710917,0.0980043,-0.022245407
225,0.6512827,-0.25099218,0.06077486,-0.07120958,-0.6472895,0.15888791,-0.6014968,-0.81586504,0.73260564,-0.24043873,0.28760198,0.5692416,-0.30835348,0.37710917,0.0980043,-0.022245407
226,0.6512827,-0.25099218,0.06077486,-0.07120959,-0.6472895,0.15888791,-0.6014967,-0.815865,0.7326057,-0.24043876,0.287602,0.5692416,-0.30835348,0.37710917,0.0980043,-0.022245407
227,0.6512827,-0.2509922,0.06077486,-0.071209595,-0.6472895,0.15888791,-0.60149676,-0.815865,0.73260564,-0.24043873,0.287602,0.5692416,-0.30835348,0.37710914,0.0980043,-0.022245407
228,0.6512827,-0.25099218,0.06077486,-0.07120958,-0.6472895,0.15888791,-0.6014968,-0.81586504,0.73260564,-0.24043873,0.28760198,0.5692416,-0.30835348,0.37710917,0.0980043,-0.022245407
229,1.0457599,0.056358486,-0.087882586,0.0071239956,-0.91604114,-0.24264047,-0.76582634,-1.1493088,0.7679336,-0.060341932,0.07014626,0.5160825,-0.15015015,0.35649195,0.10283613,-0.45096877
230,0.88427377,0.34996197,-0.20149595,0.07982724,-0.7008672,-0.52166253,-0.5278349,-0.85315907,0.39455456,0.16704579,-0.2008149,0.1860684,0.10666792,0.13559565,0.04620293,-0.6493549
231,0.88427377,0.34996197,-0.20149595,0.07982724,-0.7008672,-0.52166253,-0.5278349,-0.85315907,0.39455456,0.16704579,-0.2008149,0.1860684,0.10666792,0.13559565,0.04620293,-0.6493549
232,0.99248254,0.45479342,-0.2743906,0.123742156,-0.7677783,-0.6807451,-0.5289528,-0.94186676,0.38472208,0.20205224,-0.29630512,0.11961728,0.12513635,0.08830096,0.040539537,-0.80366594
233,0.99248254,0.45479342,-0.2743906,0.123742156,-0.7677783,-0.6807451,-0.5289528,-0.9418667,0.38472208,0.20205224,-0.29630512,0.119617276,0.12513635,0.08830096,0.040539537,-0.80366594
234,1.3605723,1.0096171,-0.7052768,0.27707475,-0.9923404,-1.2344354,-0.28671753,-1.321852,-0.2130101,0.4770018,-0.7404783,-0.22119486,0.2641564,-0.2652127,0.013750777,-1.527647
235,0.940972,0.9243586,-0.5393234,0.18457648,-0.73121,-0.95584834,-0.16734937,-1.0926677,-0.3073257,0.3578427,-0.62760174,-0.15024531,0.20950285,-0.2524565,0.051809955,-1.234271
236,0.940972,0.92435855,-0.5393234,0.18457648,-0.73121,-0.95584834,-0.16734937,-1.0926677,-0.30732572,0.35784274,-0.62760174,-0.15024531,0.20950288,-0.2524565,0.051809955,-1.234271
237,0.940972,0.92435855,-0.5393234,0.18457648,-0.73121,-0.95584834,-0.16734937,-1.0926677,-0.30732572,0.35784274,-0.62760174,-0.15024531,0.20950288,-0.2524565,0.051809955,-1.234271
238,0.39570463,0.1305204,0.3241128,-0.17416234,-0.5084914,-0.7285574,0.6172594,-1.0277627,-0.7760433,-0.5722926,-0.9863206,0.27292508,-0.9487155,-0.3830394,-0.1901524,-0.90355414
239,0.39570463,0.13052037,0.3241128,-0.17416234,-0.5084914,-0.7285574,0.6172594,-1.0277627,-0.7760433,-0.5722927,-0.9863206,0.27292505,-0.9487155,-0.3830394,-0.1901524,-0.90355414
240,0.39570463,0.1305204,0.3241128,-0.17416234,-0.50849146,-0.72855747,0.6172594,-1.0277627,-0.7760433,-0.5722927,-0.9863206,0.27292508,-0.9487155,-0.3830394,-0.1901524,-0.90355414
241,-0.08288615,-0.44525027,0.70949775,-0.40412852,-0.28350258,-0.29134062,0.8499954,-0.60773605,-0.750964,-0.8697456,-0.81856346,0.47551817,-1.2284269,-0.27638775,-0.3155373,-0.4202547
242,-0.08288615,-0.44525027,0.7094977,-0.40412852,-0.28350258,-0.29134062,0.8499954,-0.60773605,-0.750964,-0.8697456,-0.81856346,0.47551817,-1.2284269,-0.27638775,-0.3155373,-0.4202547
243,-0.08288615,-0.44525027,0.7094977,-0.40412852,-0.28350258,-0.29134065,0.8499954,-0.60773605,-0.750964,-0.8697456,-0.81856346,0.47551817,-1.2284269,-0.27638775,-0.3155373,-0.4202547
244,-0.24707416,-0.91255045,1.2950243,-0.61164165,-0.3128828,-0.29890606,1.4691637,-0.63988423,-1.2498436,-1.5502126,-1.3385506,0.6773986,-2.1021886,-0.5490019,-0.50894016,-0.5452145
245,-0.24707417,-0.91255033,1.2950243,-0.6116417,-0.31288278,-0.29890603,1.4691637,-0.63988423,-1.2498436,-1.5502125,-1.3385507,0.67739856,-2.1021883,-0.5490019,-0.50894016,-0.5452145
246,-0.24707417,-0.91255045,1.2950244,-0.6116417,-0.3128828,-0.29890606,1.4691637,-0.6398843,-1.2498437,-1.5502126,-1.3385506,0.67739856,-2.1021886,-0.5490018,-0.5089402,-0.5452144
247,-0.24707417,-0.91255045,1.2950243,-0.6116417,-0.3128828,-0.29890606,1.4691637,-0.6398843,-1.2498436,-1.5502126,-1.3385507,0.67739856,-2.1021886,-0.5490019,-0.50894016,-0.5452144
248,-0.24707417,-0.91255045,1.2950244,-0.61164165,-0.31288278,-0.29890606,1.4691637,-0.6398843,-1.2498436,-1.5502125,-1.3385507,0.67739856,-2.1021886,-0.5490019,-0.50894016,-0.5452145
249,-0.24707416,-0.91255045,1.2950244,-0.61164165,-0.3128828,-0.29890606,1.4691638,-0.6398843,-1.2498436,-1.5502126,-1.3385506,0.6773986,-2.1021886,-0.54900193,-0.50894016,-0.5452145
250,-0.24707417,-0.91255045,1.2950243,-0.61164165,-0.31288284,-0.29890606,1.4691638,-0.63988423,-1.2498436,-1.5502126,-1.3385506,0.67739856,-2.1021886,-0.5490019,-0.50894016,-0.5452145
251,-0.24707417,-0.9125504,1.2950243,-0.61164165,-0.31288284,-0.29890606,1.4691638,-0.63988423,-1.2498436,-1.5502126,-1.3385506,0.67739856,-2.1021886,-0.5490019,-0.5089402,-0.5452145
252,-0.39359683,-1.0469515,1.4367108,-0.58795893,-0.1674155,-0.208086,1.5579872,-0.4083801,-1.3013965,-1.6820275,-1.3208607,0.63295525,-2.2462907,-0.63772047,-0.52445054,-0.44610563
253,-0.39359683,-1.0469515,1.4367108,-0.58795893,-0.1674155,-0.208086,1.5579871,-0.4083801,-1.3013965,-1.6820275,-1.3208606,0.63295525,-2.2462907,-0.63772047,-0.5244506,-0.44610563
254,-0.39359683,-1.0469515,1.4367108,-0.58795893,-0.16741548,-0.20808603,1.5579875,-0.4083801,-1.3013964,-1.6820275,-1.3208606,0.63295525,-2.2462907,-0.63772047,-0.5244506,-0.44610563
255,-0.39359683,-1.0469515,1.4367108,-0.58795893,-0.16741548,-0.20808603,1.5579875,-0.4083801,-1.3013964,-1.6820275,-1.3208607,0.6329553,-2.2462907,-0.63772047,-0.5244506,-0.44610563
256,-0.39359683,-1.0469515,1.4367108,-0.58795893,-0.16741548,-0.208086,1.5579872,-0.4083801,-1.3013964,-1.6820275,-1.3208607,0.63295525,-2.246291,-0.6377204,-0.5244506,-0.44610563
257,-0.39359683,-1.0469515,1.4367108,-0.58795893,-0.1674155,-0.208086,1.5579871,-0.4083801,-1.3013964,-1.6820275,-1.3208606,0.63295525,-2.246291,-0.63772047,-0.5244506,-0.44610563
258,-0.4930198,-0.8833071,1.4699547,-0.60092425,-0.05949829,-0.1617421,1.3526851,-0.4826363,-1.1510888,-1.6671264,-1.2292545,0.6669322,-1.9954275,-0.49635434,-0.5093561,-0.4342459
259,-0.49301976,-0.8833071,1.4699547,-0.6009243,-0.059498288,-0.1617421,1.3526852,-0.48263627,-1.151089,-1.6671264,-1.2292545,0.6669322,-1.9954275,-0.49635434,-0.50935614,-0.43424594
260,-0.49301976,-0.883307,1.4699545,-0.60092425,-0.059498288,-0.1617421,1.3526851,-0.4826363,-1.151089,-1.6671264,-1.2292545,0.6669322,-1.9954274,-0.49635437,-0.5093561,-0.4342459
261,-0.4930198,-0.8833071,1.4699545,-0.6009243,-0.059498288,-0.1617421,1.3526851,-0.4826363,-1.151089,-1.6671264,-1.2292545,0.6669323,-1.9954274,-0.49635434,-0.50935614,-0.43424594
262,-0.4930198,-0.8833071,1.4699545,-0.60092425,-0.059498288,-0.1617421,1.3526851,-0.48263627,-1.151089,-1.6671264,-1.2292545,0.6669323,-1.9954275,-0.4963544,-0.50935614,-0.4342459
263,-0.37211812,-0.28762555,0.8046308,-0.39095086,0.1048856,-0.028346889,0.50332963,-0.34513423,-0.4035391,-0.8954008,-0.54419845,0.3581244,-0.77958894,-0.12773818,-0.23496309,-0.19974257
264,-0.37211812,-0.28762552,0.8046308,-0.39095086,0.1048856,-0.028346889,0.50332963,-0.34513423,-0.4035391,-0.8954008,-0.5441985,0.3581244,-0.77958894,-0.12773818,-0.23496309,-0.19974259
265,-0.15371229,-0.47635478,0.7769577,-0.46795392,0.09058786,0.10785551,0.24861032,-0.47252038,-0.14568704,-0.9335083,-0.37428525,0.41186595,-0.59952694,0.18935893,-0.24976726,-0.10353117
266,0.6413124,-0.8389777,0.25004393,-0.4166066,0.02588528,0.4696322,-0.57764757,-0.5819719,0.6839643,-0.45048803,0.19871546,0.35600084,0.113800086,1.0335665,-0.13807853,0.2294682
267,0.6413124,-0.8389777,0.25004393,-0.4166066,0.02588528,0.4696322,-0.57764757,-0.5819719,0.6839643,-0.45048803,0.19871546,0.35600084,0.113800086,1.0335665,-0.13807853,0.2294682
268,0.6413124,-0.83897763,0.25004393,-0.4166066,0.02588528,0.4696322,-0.57764757,-0.5819719,0.6839643,-0.45048803,0.19871546,0.35600084,0.113800086,1.0335665,-0.13807851,0.2294682
269,0.66747373,-0.85172814,0.2088625,-0.39779276,-0.011877687,0.45008925,-0.57900584,-0.5499076,0.67094576,-0.43626192,0.23214598,0.33927482,0.11873811,1.0087972,-0.13794851,0.22072443
270,0.66747373,-0.85172814,0.20886247,-0.39779276,-0.011877687,0.45008925,-0.5790059,-0.5499076,0.67094576,-0.43626195,0.23214598,0.33927482,0.11873811,1.0087972,-0.13794851,0.22072443
271,0.6674737,-0.85172814,0.20886248,-0.39779276,-0.011877688,0.4500893,-0.57900584,-0.5499076,0.6709457,-0.4362619,0.23214598,0.33927482,0.1187381,1.0087972,-0.13794851,0.22072442
272,0.6674737,-0.85172814,0.20886248,-0.39779276,-0.011877688,0.4500893,-0.57900584,-0.5499076,0.6709457,-0.4362619,0.23214598,0.33927482,0.1187381,1.0087972,-0.13794851,0.2207244
273,0.6810629,-0.80201346,0.22643954,-0.42271012,0.033555306,0.42163703,-0.59997433,-0.4796521,0.6427,-0.45588875,0.18611251,0.28125563,0.15344903,1.0039879,-0.029850751,0.17830758
274,0.33888078,-0.16465852,0.14972001,-0.29593614,0.19435275,0.061429363,-0.33621472,0.046249643,0.18431397,-0.25364494,-0.10846823,-0.09514645,0.1858858,0.43222195,0.35827914,-0.1061614
275,0.26099136,-0.007028857,0.13045794,-0.2389732,0.22779927,-0.021909118,-0.25786197,0.19162662,0.056941282,-0.21057083,-0.18074036,-0.2158899,0.19880569,0.27417117,0.47082558,-0.16049299
276,0.054797888,0.039936483,0.2778114,-0.16006017,0.12222552,-0.29232186,-0.25676858,0.5974056,0.04619354,-0.086556554,-0.27099305,-0.34023035,0.087114215,0.09827997,0.5614933,-0.21288994
277,0.054797888,0.039936483,0.2778114,-0.16006017,0.12222552,-0.29232186,-0.25676858,0.5974056,0.04619354,-0.086556554,-0.27099305,-0.34023035,0.087114215,0.09827997,0.5614933,-0.21288994
278,0.36281145,0.040168446,-0.14135417,-0.49259448,0.6735277,0.20392987,-0.0137143135,-0.33205152,-0.6054379,-0.17253844,-0.107537374,-0.46113414,0.46479747,0.72214717,0.115748525,-0.17347142
279,0.36281145,0.040168446,-0.14135417,-0.49259448,0.6735277,0.20392987,-0.0137143135,-0.33205152,-0.6054379,-0.17253844,-0.107537374,-0.4611341,0.4647975,0.72214717,0.115748525,-0.17347142
280,0.36281145,0.040168446,-0.14135417,-0.49259448,0.6735277,0.20392987,-0.0137143135,-0.33205152,-0.6054379,-0.17253844,-0.107537374,-0.46113414,0.46479747,0.72214717,0.115748525,-0.17347142
281,0.25165915,0.23760867,0.37639368,-0.33200634,-0.101359725,-0.81041384,0.03806424,0.09048152,0.6963662,-0.68964577,0.3145094,-0.45144463,-0.5694814,0.018151522,1.3112016,0.025823593
282,0.25165915,0.23760867,0.37639368,-0.33200634,-0.101359725,-0.81041384,0.03806424,0.09048152,0.6963662,-0.68964577,0.3145094,-0.45144463,-0.5694814,0.018151522,1.3112016,0.025823593
283,0.69020844,0.0146276,-0.088446796,-0.3866229,0.15703332,0.23195246,-0.11565578,0.007520482,-0.36088955,-0.003060162,0.11552286,-0.01490593,-0.017787099,0.5014655,0.4290734,-0.0016755462
284,0.69020844,0.0146276,-0.088446796,-0.3866229,0.15703332,0.23195246,-0.11565578,0.007520482,-0.36088955,-0.003060162,0.11552286,-0.01490593,-0.017787099,0.5014655,0.4290734,-0.0016755462
285,0.45799297,0.4265922,-0.26999897,-0.3886394,0.16569355,0.13832176,-0.1519438,-0.016015008,-0.6917197,0.06665284,0.07538064,-0.07395898,-0.012390614,0.31629255,0.47481167,-0.072827205
286,0.45799297,0.4265922,-0.26999897,-0.3886394,0.16569355,0.13832176,-0.1519438,-0.016015008,-0.6917198,0.06665284,0.07538064,-0.07395898,-0.012390614,0.31629252,0.47481164,-0.072827205
287,0.45799297,0.4265922,-0.26999897,-0.3886394,0.16569355,0.13832176,-0.1519438,-0.016015008,-0.6917198,0.06665284,0.07538064,-0.07395898,-0.012390614,0.31629252,0.47481164,-0.072827205
288,0.45799297,0.4265922,-0.26999897,-0.3886394,0.16569355,0.13832176,-0.1519438,-0.016015008,-0.6917197,0.06665284,0.07538064,-0.07395898,-0.012390614,0.31629255,0.47481167,-0.072827205
289,0.22058296,-0.4803369,0.45177612,-0.38484287,0.18946368,0.07751036,-0.38332856,0.009060532,0.5519659,-0.35279143,0.03690523,0.069603145,0.106371745,0.6298962,0.024855107,0.115799695
290,0.22058296,-0.4803369,0.45177612,-0.38484287,0.18946368,0.07751036,-0.38332856,0.009060532,0.5519659,-0.35279143,0.03690523,0.069603145,0.106371745,0.6298962,0.024855107,0.115799695
291,0.5007293,-0.025836527,-0.025864482,-0.31151175,-0.15671453,-0.15355259,-0.4076361,-0.6064643,0.41249478,-0.29226395,0.25788677,-0.031777084,-0.18375444,0.476398,0.38616693,-0.03250748
292,0.5007293,-0.025836527,-0.025864482,-0.31151175,-0.15671453,-0.15355259,-0.4076361,-0.6064643,0.41249478,-0.29226395,0.25788677,-0.031777084,-0.18375444,0.476398,0.38616693,-0.03250748
293,0.06985618,0.2836596,0.36762226,-0.11711788,0.24325287,-0.20676303,-0.20534852,0.47894567,-0.029907703,-0.121915266,-0.22925395,-0.34041965,0.09282553,0.06601275,0.5557379,-0.23052877
294,0.06985618,0.2836596,0.36762226,-0.11711788,0.24325287,-0.20676303,-0.20534852,0.47894567,-0.029907703,-0.121915266,-0.22925395,-0.34041965,0.09282553,0.06601275,0.5557379,-0.23052877
295,0.06985618,0.2836596,0.36762226,-0.11711788,0.24325287,-0.20676303,-0.20534852,0.47894567,-0.029907703,-0.121915266,-0.22925395,-0.34041965,0.09282553,0.06601275,0.5557379,-0.23052877
296,0.06985618,0.2836596,0.36762226,-0.11711788,0.24325287,-0.20676303,-0.20534852,0.47894567,-0.029907703,-0.121915266,-0.22925395,-0.34041965,0.09282553,0.06601275,0.5557379,-0.23052877
297,-0.8998655,-0.5846579,0.0854246,-0.90325814,-0.7469105,-2.9863865,-0.7972019,0.91776645,-1.0252862,1.1742595,1.7672157,-0.7110393,-0.93504584,1.3118118,-1.3957801,0.6747428
298,-0.8998655,-0.5846579,0.08542461,-0.90325814,-0.7469105,-2.9863865,-0.7972018,0.91776645,-1.0252861,1.1742595,1.7672157,-0.71103936,-0.9350459,1.3118118,-1.3957802,0.6747428
299,-0.8998655,-0.5846579,0.085424595,-0.90325814,-0.7469106,-2.9863863,-0.7972019,0.9177666,-1.0252863,1.1742595,1.7672157,-0.7110393,-0.9350459,1.3118118,-1.3957801,0.6747428
300,-0.8998655,-0.58465797,0.08542461,-0.9032581,-0.7469105,-2.9863865,-0.79720175,0.9177666,-1.0252862,1.1742595,1.7672157,-0.7110393,-0.93504584,1.3118118,-1.3957801,0.67474276
301,-0.8998655,-0.5846579,0.0854246,-0.90325814,-0.7469105,-2.9863865,-0.7972018,0.91776645,-1.0252862,1.1742595,1.7672157,-0.7110393,-0.93504584,1.3118118,-1.3957801,0.6747428
302,-0.8998655,-0.5846579,0.0854246,-0.90325814,-0.7469105,-2.9863865,-0.79720175,0.9177666,-1.0252863,1.1742595,1.7672157,-0.7110393,-0.93504584,1.3118118,-1.3957801,0.6747428
303,-0.8998655,-0.5846579,0.0854246,-0.9032581,-0.7469106,-2.9863863,-0.7972018,0.9177666,-1.0252862,1.1742595,1.7672157,-0.7110393,-0.93504584,1.3118118,-1.3957801,0.6747428
304,-0.8998655,-0.58465797,0.08542459,-0.90325814,-0.7469105,-2.9863865,-0.79720175,0.9177665,-1.0252862,1.1742597,1.7672157,-0.7110393,-0.93504584,1.3118118,-1.3957801,0.6747428
305,-0.8998655,-0.58465797,0.085424595,-0.90325814,-0.7469105,-2.9863865,-0.79720175,0.9177665,-1.0252863,1.1742595,1.7672157,-0.7110393,-0.93504584,1.3118118,-1.3957801,0.6747429
306,-0.8998655,-0.58465797,0.085424595,-0.90325814,-0.7469105,-2.9863865,-0.7972019,0.91776645,-1.0252862,1.1742597,1.7672157,-0.7110393,-0.9350459,1.3118118,-1.3957801,0.6747428
307,-0.90922225,-0.59675974,0.15762798,-0.9083487,-0.7124577,-2.9212775,-0.8289855,0.95174855,-0.88473827,1.0941333,1.650842,-0.7263868,-0.8875083,1.2879839,-1.2903701,0.61418664
308,-0.44996774,-0.26284263,0.39876485,-0.29532278,-0.06962004,-0.5746637,-0.59923184,0.3813132,0.4596638,-0.13259694,0.116066255,-0.19510451,0.03286308,0.3688907,0.070296116,0.042800806
309,-0.36531556,-0.20037645,0.42882258,-0.18706733,0.054195844,-0.23175092,-0.53968096,0.27957246,0.6621543,-0.29942718,-0.13959801,-0.120397456,0.16170521,0.24394715,0.29667333,-0.008414481
310,-0.36531556,-0.20037644,0.42882258,-0.18706733,0.054195844,-0.23175094,-0.53968096,0.27957246,0.66215426,-0.29942718,-0.13959803,-0.120397456,0.1617052,0.24394715,0.29667333,-0.008414483
311,-0.5087364,-0.05940871,0.5640478,-0.17562193,0.17627838,0.016736593,-0.9508154,0.10575876,0.7842887,-0.5208148,-0.08939915,-0.100219704,0.22042444,0.38851267,0.35689482,0.016612254
312,-0.4115978,0.108527586,0.41399106,-0.07759602,0.19701771,0.20962407,-0.8461376,-0.073569305,0.5214189,-0.4777392,-0.0021395439,-0.02466779,0.17134464,0.3164442,0.23860085,0.036267124
313,-0.4115978,0.108527586,0.41399106,-0.07759602,0.19701771,0.20962407,-0.8461376,-0.073569305,0.5214189,-0.4777392,-0.0021395439,-0.02466779,0.17134464,0.3164442,0.23860085,0.036267124
314,-0.4115978,0.108527586,0.41399106,-0.07759602,0.1970177,0.20962405,-0.8461376,-0.073569305,0.5214189,-0.47773924,-0.002139544,-0.02466779,0.17134464,0.31644416,0.23860085,0.036267124
315,-0.41159785,0.108527586,0.41399106,-0.07759602,0.19701771,0.20962407,-0.8461376,-0.073569305,0.5214189,-0.4777392,-0.0021395439,-0.02466779,0.17134465,0.3164442,0.23860087,0.036267124
316,-0.4115978,0.108527586,0.41399106,-0.07759602,0.1970177,0.20962407,-0.8461376,-0.073569305,0.5214189,-0.4777392,-0.0021395439,-0.02466779,0.17134465,0.3164442,0.23860087,0.036267124
317,-0.41159785,0.10852759,0.41399106,-0.07759602,0.19701771,0.20962407,-0.8461376,-0.073569305,0.5214189,-0.4777392,-0.0021395439,-0.02466779,0.17134464,0.3164442,0.23860088,0.036267124
318,0.15681425,0.08319491,0.14128569,-0.33159274,0.45378253,0.37443626,-0.28414378,-0.2341204,0.038564622,-0.34463945,-0.059625864,-0.07547569,0.24272658,0.5037277,0.21582045,-0.09996089
319,0.15681425,0.08319491,0.14128569,-0.33159274,0.45378253,0.37443626,-0.28414378,-0.2341204,0.038564622,-0.34463945,-0.059625864,-0.07547569,0.24272658,0.5037277,0.21582045,-0.09996089
320,0.16310567,-0.3235248,0.32575983,-0.22477579,0.25160724,0.10675469,-0.40466636,0.3652379,0.3963974,-0.29733646,-0.09645961,-0.10105444,0.14116597,0.43692312,0.36294633,0.06152793
321,0.0822655,-0.38976723,0.42824298,-0.2806452,0.3528028,0.044262,-0.5281074,0.329913,0.5400268,-0.41023347,-0.15295608,-0.20300165,0.2769727,0.55439985,0.4330639,0.06636971
322,-0.0882851,-0.28342348,0.40279135,-0.2504483,0.28658628,0.015338019,-0.4986313,0.18407865,0.49588853,-0.40319878,-0.11762518,-0.22218409,0.36291927,0.47407433,0.3453374,-0.008553937
323,0.01960305,1.1296902,-0.24693477,-0.3639756,0.019386755,0.7152837,-0.21419902,0.044728592,-0.9055522,0.14852133,0.6528123,0.4282235,-0.5646424,-0.15462887,0.7513328,0.26368845
324,0.01960305,1.1296902,-0.24693477,-0.3639756,0.019386753,0.7152837,-0.21419902,0.044728592,-0.90555215,0.14852133,0.6528123,0.42822352,-0.5646424,-0.15462887,0.7513329,0.26368845
325,0.01960305,1.1296902,-0.24693477,-0.3639756,0.019386753,0.7152837,-0.21419902,0.044728592,-0.90555215,0.14852133,0.6528123,0.42822352,-0.5646424,-0.15462887,0.7513329,0.26368845
326,0.01960305,1.1296902,-0.24693476,-0.36397558,0.019386753,0.7152837,-0.21419902,0.044728592,-0.90555215,0.14852133,0.6528123,0.4282235,-0.5646425,-0.15462887,0.7513329,0.26368845
327,0.01960305,1.1296902,-0.24693476,-0.36397558,0.019386753,0.7152837,-0.21419902,0.044728592,-0.90555215,0.14852133,0.6528123,0.4282235,-0.5646425,-0.15462887,0.7513329,0.26368845
328,0.01960305,1.1296902,-0.24693476,-0.36397558,0.019386753,0.7152837,-0.21419902,0.044728592,-0.9055522,0.14852133,0.6528123,0.42822352,-0.5646425,-0.15462887,0.7513329,0.26368845
329,0.01960305,1.1296902,-0.24693476,-0.36397558,0.019386753,0.7152837,-0.21419902,0.044728592,-0.9055522,0.14852133,0.6528123,0.42822352,-0.5646425,-0.15462887,0.7513329,0.26368845
330,0.01960305,1.1296902,-0.24693477,-0.3639756,0.019386753,0.7152837,-0.21419902,0.044728592,-0.9055522,0.14852133,0.6528123,0.42822352,-0.5646424,-0.15462887,0.75133294,0.26368845
331,0.01960305,1.1296902,-0.24693477,-0.3639756,0.019386753,0.7152837,-0.21419902,0.044728592,-0.9055522,0.14852133,0.6528123,0.42822352,-0.5646424,-0.15462887,0.75133294,0.26368845
332,0.01960305,1.1296902,-0.24693477,-0.3639756,0.019386753,0.7152837,-0.214199,0.044728596,-0.9055522,0.14852132,0.6528123,0.42822352,-0.5646424,-0.15462887,0.7513329,0.26368845
333,0.01960305,1.1296902,-0.24693477,-0.3639756,0.019386753,0.7152837,-0.214199,0.044728596,-0.9055522,0.14852132,0.6528123,0.42822352,-0.5646424,-0.15462887,0.7513329,0.26368845
334,0.104933746,1.1289586,-0.27907953,-0.4033389,0.006534436,0.70919204,-0.23565689,0.014611894,-0.9607425,0.18739395,0.6799701,0.45402306,-0.60958743,-0.12258477,0.82099015,0.21676865
335,0.23352087,0.3401865,-0.16926023,-0.19787878,-0.025432296,0.20174797,-0.11243347,-0.07001945,-0.41621417,0.15114863,0.26128823,0.20512563,-0.29348406,0.032650843,0.40817416,-0.027031913
336,0.19193892,0.20129478,-0.034425512,-0.34481102,0.27334705,-0.2300348,-0.17678857,-0.22786565,-0.41331908,-0.04791519,-0.15656042,-0.2738283,0.18612081,0.27089602,0.14613588,-0.35138708
337,0.19193892,0.20129478,-0.034425512,-0.34481102,0.27334705,-0.2300348,-0.17678857,-0.22786565,-0.41331908,-0.04791519,-0.15656042,-0.2738283,0.18612081,0.27089602,0.14613588,-0.35138708
338,0.3496436,0.19560346,-0.124952585,-0.32291767,0.1783866,-0.32499823,-0.23819342,-0.31208736,-0.38776153,-0.017974105,-0.11947698,-0.35772118,0.23456694,0.42438668,0.2375722,-0.4060722
339,0.27691615,0.11192223,-0.09796502,-0.14868784,-0.028787076,-0.30710065,-0.22022659,-0.33455157,-0.019076109,-0.034278776,-0.14898123,-0.3064712,0.17417014,0.43554705,0.20692597,-0.3131023
340,0.59518313,-0.07487762,0.008246586,-0.32217005,-0.23675948,-0.31503063,-0.19880551,-0.52431196,0.20561504,-0.3682181,0.2510084,-0.083338976,-0.5168016,0.34963724,0.3958153,0.0016642213
341,0.59518313,-0.07487762,0.008246586,-0.32217005,-0.23675948,-0.31503063,-0.19880551,-0.52431196,0.20561504,-0.3682181,0.2510084,-0.083338976,-0.5168016,0.34963724,0.3958153,0.0016642213
342,0.5541002,0.12923802,-0.14659566,-0.23954256,-0.14069389,0.1758083,-0.23529929,-0.12689556,-0.24429294,0.15693349,0.30088022,0.10259863,-0.14797363,0.29502183,0.46462205,-0.062253717
343,0.5541002,0.12923802,-0.14659566,-0.23954256,-0.14069389,0.1758083,-0.23529929,-0.12689556,-0.24429294,0.15693349,0.30088022,0.10259863,-0.14797363,0.29502183,0.46462205,-0.062253717
344,0.8233474,0.02710966,-0.23772344,-0.21785717,-0.2530476,0.11313034,-0.2427986,-0.19822614,-0.36333835,0.25026104,0.35036004,0.09628755,-0.15720332,0.42794043,0.5430951,-0.06654049
345,0.84975797,-0.09762708,-0.34063655,-0.23862453,-0.32838774,-0.028084477,-0.17560536,-0.26167604,-0.24887626,0.22455823,0.23659632,0.025764816,-0.23314995,0.4587726,0.42777818,-0.11846611
346,0.20386581,0.1560909,0.24731411,-0.1742226,-0.23212111,-0.19412036,-0.28731012,0.2981617,-0.027820423,0.095136166,0.27015594,-0.047705613,-0.2552129,0.10193166,0.57617545,0.12964052
347,0.2709999,0.23388241,0.45044488,-0.08755372,-0.4179464,-0.3277675,-0.29522234,0.5205546,0.62664396,-0.023315892,0.06260372,0.16279237,-0.6677338,-0.11030403,1.2721483,-0.15678021
348,0.16364968,0.20509902,0.5123149,0.06572929,-0.55407035,-0.45972505,-0.26382276,0.53931534,0.87747514,-0.12751104,0.036988586,0.15429962,-0.67513067,-0.32143015,1.21034,-0.11001636
349,0.16364968,0.20509902,0.5123149,0.06572929,-0.55407035,-0.45972505,-0.26382276,0.53931534,0.87747514,-0.12751104,0.036988586,0.15429962,-0.67513067,-0.32143015,1.21034,-0.11001636
350,-1.6553655,3.4148638,0.88138896,3.9043858,-2.0563962,-0.085352615,4.472598,-1.4398528,1.3907852,3.8164055,-6.1708474,0.045378648,-0.1919505,5.47029,0.34738097,8.085475
351,-1.6553655,3.4148638,0.88138896,3.9043858,-2.0563962,-0.085352615,4.472598,-1.4398528,1.3907852,3.8164055,-6.1708474,0.045378648,-0.1919505,5.47029,0.34738097,8.085475
352,-1.6553655,3.4148638,0.8813889,3.9043856,-2.0563962,-0.08535261,4.472598,-1.4398528,1.3907852,3.8164055,-6.170847,0.04537865,-0.19195049,5.47029,0.34738097,8.085475
353,-1.6553655,3.4148638,0.8813889,3.9043856,-2.0563962,-0.08535261,4.472598,-1.4398528,1.3907852,3.8164055,-6.170847,0.04537865,-0.19195049,5.47029,0.34738097,8.085475
354,-1.6553655,3.4148638,0.8813889,3.9043856,-2.056396,-0.085352615,4.472598,-1.4398528,1.3907852,3.8164058,-6.170847,0.04537865,-0.19195051,5.47029,0.34738097,8.085475
355,-1.6553655,3.4148638,0.8813889,3.9043856,-2.056396,-0.085352615,4.472598,-1.4398528,1.3907852,3.8164058,-6.170847,0.04537865,-0.19195051,5.47029,0.34738097,8.085475
356,-1.6553655,3.4148638,0.88138896,3.9043858,-2.0563962,-0.08535261,4.472598,-1.4398528,1.3907852,3.8164058,-6.1708474,0.045378648,-0.19195051,5.47029,0.34738097,8.085475
357,-1.6553655,3.4148638,0.88138896,3.9043858,-2.0563962,-0.08535261,4.472598,-1.4398528,1.3907852,3.8164058,-6.1708474,0.045378648,-0.19195051,5.47029,0.34738097,8.085475
358,-1.6553655,3.4148638,0.88138896,3.9043858,-2.0563962,-0.085352615,4.472598,-1.4398528,1.3907852,3.8164058,-6.1708474,0.04537865,-0.1919505,5.47029,0.34738097,8.085475
359,-1.6553655,3.4148638,0.88138896,3.9043858,-2.0563962,-0.085352615,4.472598,-1.4398528,1.3907852,3.8164058,-6.1708474,0.04537865,-0.1919505,5.47029,0.34738097,8.085475
360,-1.6553655,3.4148638,0.88138896,3.9043858,-2.0563962,-0.08535261,4.472598,-1.4398528,1.3907852,3.8164058,-6.1708474,0.045378648,-0.19195051,5.47029,0.347381,8.085475
361,-1.6553655,3.4148638,0.88138896,3.9043858,-2.0563962,-0.08535261,4.472598,-1.4398528,1.3907852,3.8164058,-6.1708474,0.045378648,-0.19195051,5.47029,0.347381,8.085475
362,-1.6553655,3.4148638,0.8813889,3.9043858,-2.0563962,-0.085352615,4.472598,-1.4398528,1.3907852,3.8164058,-6.170847,0.04537865,-0.1919505,5.47029,0.34738097,8.085475
363,-1.6553655,3.4148638,0.8813889,3.9043858,-2.0563962,-0.085352615,4.472598,-1.4398528,1.3907852,3.8164058,-6.170847,0.04537865,-0.1919505,5.47029,0.34738097,8.085475
364,-1.6553655,3.4148638,0.88138896,3.904386,-2.0563962,-0.085352615,4.472598,-1.4398528,1.3907852,3.8164058,-6.1708474,0.04537865,-0.1919505,5.47029,0.34738097,8.085475
365,-1.6553655,3.4148638,0.88138896,3.904386,-2.0563962,-0.085352615,4.472598,-1.4398528,1.3907852,3.8164058,-6.1708474,0.04537865,-0.1919505,5.47029,0.34738097,8.085475
366,-1.6553656,3.4148638,0.88138896,3.904386,-2.0563962,-0.08535261,4.472598,-1.4398528,1.3907852,3.8164058,-6.170848,0.04537865,-0.19195049,5.47029,0.34738097,8.085475
367,-1.6553656,3.4148638,0.88138896,3.904386,-2.0563962,-0.08535261,4.472598,-1.4398528,1.3907852,3.8164058,-6.170848,0.04537865,-0.19195049,5.47029,0.34738097,8.085475
368,0.2660573,0.079627395,0.34591267,-0.014788866,0.099648476,-0.51700425,-0.21257722,0.35428786,0.30840218,-0.14763474,-0.5641483,-0.5014407,0.27039027,0.08457559,0.5279114,-0.49060178
369,0.2660573,0.079627395,0.34591267,-0.014788866,0.099648476,-0.51700425,-0.21257722,0.35428786,0.30840218,-0.14763474,-0.5641483,-0.5014407,0.27039027,0.08457559,0.5279114,-0.49060178
370,0.2660573,0.079627395,0.34591267,-0.014788866,0.099648476,-0.51700425,-0.21257722,0.35428786,0.30840218,-0.14763474,-0.5641483,-0.5014407,0.27039027,0.08457559,0.5279114,-0.49060178
371,0.27374196,0.06872898,0.043799877,-0.34469748,0.2803911,0.2224508,-0.2786951,0.045694828,-0.1565901,-0.18411297,-0.04708019,-0.08422536,0.09643072,0.39955693,0.42239636,-0.05146885
372,0.45031476,0.19992614,-0.010138899,-0.46253538,0.069031835,-0.054682374,-0.32690978,0.12576425,-0.119476795,-0.23246041,-0.05344677,0.058624506,-0.076636314,0.28620678,0.61113894,0.043919325
373,0.387188,-0.026929617,0.06802437,-0.15400589,0.011481166,0.011159182,-0.3717753,-0.036211133,0.19187334,-0.14352217,-0.15400815,-0.09464501,0.14156462,0.3137091,0.4080332,-0.18755499
374,0.56794405,0.09344426,-0.024881959,-0.3183527,0.08092803,0.18310606,-0.11970508,0.20978217,-0.3751602,0.0010246858,0.09045346,0.018035054,-0.18781292,0.2856953,0.60210633,-0.043416902
375,0.55418026,-0.19426507,-0.09942657,-0.30294496,0.03505838,-0.21501681,-0.32104445,-0.4406456,0.09772432,-0.37263379,-0.05832869,-0.3368403,-0.07125062,0.3644579,0.5637589,-0.3059491
376,0.29650894,0.48850697,-0.025277287,-0.16205001,-0.06802988,-0.034194097,-0.1728301,-0.15187076,-0.18947256,-0.020410955,0.27538165,-0.07204473,-0.30820322,0.06944108,0.52363557,-0.037269816
377,0.53532785,0.27017117,-0.00093376637,-0.2872107,-0.057523966,-0.26769775,-0.29428053,0.11489618,-0.12528169,-0.06620745,-0.05456209,-0.07493508,-0.13368559,0.16792995,0.5908942,-0.1302278
378,0.31423503,-0.029925823,0.06173362,-0.36528277,0.19479132,0.023359984,-0.14472526,0.27775735,-0.20778167,-0.09694424,-0.052607745,-0.07235861,0.04633546,0.31848454,0.468579,0.049928665
379,0.37650657,-0.21344268,0.099427566,-0.3936783,0.05589819,0.29217526,-0.18620074,-0.20492938,-0.10120398,-0.13691902,0.18050581,0.1344015,-0.20917618,0.45237067,0.3493331,0.078609645
380,0.47743583,-0.16329533,0.1610975,-0.203161,0.24665713,0.2369556,-0.13488185,0.62615114,-0.1094448,-0.17975968,-0.20671687,-0.3244617,-0.014910728,0.30098066,0.8650242,-0.05394107
381,-0.0443933,0.082201004,0.44957483,0.063341856,0.26333535,-0.35314918,0.06974685,0.5350603,0.30520988,-0.24057913,-0.48778534,-0.7225052,0.0014834404,-0.14664721,0.92926943,-0.51855904
382,0.23069564,-0.19240391,0.09864318,-0.42215228,0.61058426,0.19773048,-0.027180672,0.13174212,-0.33586246,-0.17539752,-0.15604562,-0.5129843,0.32134628,0.558713,0.3364362,-0.08744991
383,0.15617147,-0.1102072,0.43499148,-0.12739241,0.07391268,-0.09249103,-0.20037639,0.39743042,0.0933882,-0.16037911,-0.2388488,-0.3096407,0.028236866,0.18771902,0.5320692,-0.1761227
384,0.57574105,0.043502927,-0.1512897,-0.17603707,0.050257087,0.16283238,-0.037113428,0.082338065,-0.34709388,0.11862528,0.031995833,-0.2352593,-0.014878154,0.28404063,0.565074,-0.18576653
385,0.13338953,0.11230407,0.06621814,-0.2255907,0.5092963,-0.36447257,-0.15113986,-0.11952388,-0.13198227,-0.2894202,-0.6381247,-0.6716051,0.5777752,0.39304847,0.28876483,-0.47921818
386,0.2919333,-0.076048374,0.31869093,-0.15538979,-0.17492533,0.11535025,-0.2732153,0.48063534,0.42076373,-0.19804859,0.007079363,0.10136986,-0.27474737,0.0048508644,0.8272159,0.039627194
387,0.23127711,-0.21821913,0.11344129,-0.21192276,0.075822234,0.06467074,-0.44788897,0.019066438,0.12649646,-0.19361244,-0.029996097,-0.16073394,0.17298064,0.3355425,0.46854413,-0.12663704
388,0.58075535,-0.065651625,-0.09681505,-0.24568224,-0.08313352,0.35109586,-0.27389693,-0.014396131,-0.049318135,-0.0011474639,0.2200199,0.09950906,-0.12559155,0.4298115,0.533653,0.019364953
389,0.11371839,0.030409753,0.10632554,-0.2415905,0.2686367,0.11277172,-0.2715671,0.13582471,-0.02200985,-0.38694227,-0.018137157,-0.29235888,-0.14371198,0.28152922,0.8701896,0.14448756
390,0.3457843,0.14917922,0.063467264,-0.61589247,0.37117028,-0.44122824,-0.044811606,-0.4590417,0.2967577,-0.7331618,0.2410996,-0.6702357,-0.3424679,0.31303287,0.82695234,-0.024695396
391,0.30936652,-0.28968924,0.18987355,-0.24645448,0.16026849,0.12065095,-0.258695,0.33138663,0.16055712,-0.23671174,-0.16841766,-0.07506068,0.11045575,0.28614575,0.59915876,-0.06394023
392,0.3381555,0.12813222,0.18872577,0.027424634,-0.23178887,-0.050013125,-0.14783126,0.08657646,0.30314204,0.085861355,0.114894986,-0.012601972,-0.28860772,-0.022267079,0.5877404,-0.2342701
393,0.15720397,0.03478521,0.2717837,-0.105719745,-0.124816656,-0.04755512,-0.2996741,0.40457472,0.31976593,0.039514303,-0.09086609,0.006270647,-0.13973373,0.08393997,0.59772795,-0.18285632
394,0.24044621,0.22268148,0.06401411,-0.13209927,0.14338982,0.028406322,-0.11947936,0.20473719,-0.11256683,0.0131442845,0.033394903,-0.19463044,0.059892654,0.15494123,0.62082416,-0.17637819
395,0.43428394,-0.14717507,0.49111292,-0.031558037,0.21640718,-0.15438166,-0.015354753,0.8573742,0.36839712,-0.110409975,-0.43047202,-0.49507493,-0.04543729,-0.057309657,1.093258,-0.3222472
396,0.47656614,0.23168957,-0.17930865,-0.3118167,0.10725188,0.23324549,0.029863358,0.0743171,-0.74278206,0.13452792,0.21651143,-0.14230323,-0.20539176,0.30569395,0.5268289,-0.020560026
397,0.55703306,-0.1615986,0.2519812,-0.12804818,-0.23310712,-0.26223832,-0.30806482,0.059527993,0.47792542,-0.115308985,-0.08381486,-0.11255336,-0.17406845,0.24747187,0.46639252,-0.2324636
398,0.2978778,0.11068016,-0.048952654,-0.21841824,-0.16369241,0.218905,-0.25412273,0.015746906,-0.047911763,0.049012437,0.32508892,0.27652067,-0.29307735,0.20559062,0.49246305,0.09791546
399,0.29234576,0.055528045,0.20367213,-0.28941727,0.23727232,-0.12895048,-0.3449576,0.14112286,0.0059592724,-0.17454359,0.020710409,-0.22789699,0.08260816,0.46743995,0.25585282,-0.022738311
400,-0.030791342,0.23424439,0.15161276,-0.021825194,-0.0049271584,0.017057389,-0.20317006,0.07256557,0.0021384358,-0.037436783,-0.003710255,-0.16599303,-0.057870865,-0.0046251714,0.5076949,-0.22187984
401,0.0004810691,0.111679375,0.24075027,-0.13903403,-0.0068472624,-0.1990403,-0.23559558,0.21693508,0.08799544,0.07441419,0.1020478,-0.21978882,-0.046767116,0.12763298,0.4267928,-0.10755092
402,0.22896734,0.068634324,0.1502142,-0.102960646,0.14667307,-0.0047281086,-0.13952106,0.004454989,0.058103204,-0.027194902,-0.12010682,-0.26251903,0.19496493,0.21626593,0.4227431,-0.28160286
403,0.5472022,0.41903555,-0.21401975,-0.15471506,-0.24734378,0.29752237,0.05981326,0.37914532,-0.65079427,0.47304726,0.6010238,0.15600896,-0.6861484,-0.05236703,0.7793526,0.039291203
404,0.17439428,0.018248685,0.047926337,-0.17481017,0.15897202,-0.010403395,-0.2081902,-0.11439754,-0.15787405,-0.20409131,-0.20222554,-0.30236584,0.19499767,0.3239777,0.3535087,-0.23229814
405,0.05231078,-0.0072044134,0.11203405,-0.12452793,0.25723386,-0.06494355,-0.24695718,-0.105629295,0.12002328,-0.15170872,-0.16271842,-0.36245278,0.30453253,0.31346345,0.2925546,-0.25861
406,0.28946388,0.43617526,0.10188508,-0.3535443,0.5946784,-0.76908594,0.3530792,0.1247589,-0.34704602,-0.002887994,-0.24423456,-1.0189599,0.12458961,0.15779623,0.5949223,-0.46878886
407,0.43065512,0.17989388,0.04892111,-0.11048901,-0.15543306,-0.21931452,-0.26100606,0.09675209,-0.03864163,0.018841267,-0.093698144,-0.15756586,-0.03540075,0.15761673,0.49680263,-0.22500148
408,0.500986,0.33407494,0.043724447,-0.1361556,0.0350132,0.037033647,-0.14171106,0.21183923,-0.24179006,0.13501748,0.02768445,-0.25787163,-0.03080988,0.12125939,0.5856354,-0.2561509
409,0.28378502,0.14469194,0.123689026,-0.1654622,0.065616846,0.02035749,-0.21948045,0.19773835,-0.069401026,0.026316583,-0.073282406,-0.12969555,0.055274248,0.23219076,0.57186306,-0.19736755
410,0.19452864,0.0037724972,0.0111450255,-0.23354936,0.24591437,0.14486697,-0.22465324,0.02839633,-0.26021075,-0.18050629,-0.14142853,-0.30546957,0.10590416,0.31182057,0.54641646,-0.17138056
411,0.15965039,0.15302509,0.10012142,-0.1936667,0.15662217,-0.0047875494,-0.0055899024,-0.0076038986,-0.21188796,-0.09073168,-0.03728035,-0.13087031,-0.04758762,0.1935335,0.36621094,-0.18407196
412,0.2022683,-0.10198361,0.051541,-0.2622156,0.46919882,0.22680005,-0.20205736,0.09670398,-0.17070341,-0.20157969,-0.13915455,-0.43395194,0.34958386,0.4801433,0.4826368,-0.13827172
413,-0.21644653,0.035132945,0.2874801,-0.11690354,0.15643612,-0.4492753,-0.2281853,-0.03413844,0.24976808,-0.27157384,-0.11660349,-0.41775548,0.0907923,0.13977897,0.29218474,-0.17668694
414,0.30965173,-0.16181701,0.42623898,-0.14047265,0.059035778,-0.11253992,-0.3092612,0.25572473,0.26856923,-0.21154654,-0.14799777,-0.110506535,-0.04625511,0.19442296,0.36080778,-0.14204368
415,0.14562279,-0.006750345,0.22760856,-0.3820238,0.31411707,-0.09096995,-0.17924643,0.013329089,0.13922882,-0.21009874,-0.19941485,-0.2994411,0.079272896,0.42256147,0.412107,-0.2821296
416,0.3438233,-0.21734834,0.20638275,-0.39110398,0.49575502,-0.009192735,-0.038982153,0.16929361,-0.14646202,-0.2216353,-0.10737926,-0.36705887,0.19505493,0.5390358,0.34077495,-0.07762873
417,0.31303173,0.41178167,0.16702998,-0.12057209,0.16480064,-0.16695511,-0.23844457,0.8089405,-0.13744354,0.008727908,-0.16821432,-0.31380832,-0.015517712,-0.06898862,0.98404664,-0.12062204
418,0.6633901,0.2693553,-0.119145095,-0.27885747,0.3134321,0.14759693,-0.074932575,0.5134747,-0.4384721,0.1599828,0.010495067,-0.1931889,0.051673472,0.2703849,0.8760022,-0.009486318
419,0.24121675,0.0014312267,0.4097392,-0.08190012,-0.04815805,-0.3334591,-0.24046981,0.511674,0.5028733,-0.26926565,-0.11114192,-0.26644784,-0.20788175,-0.008146882,0.8374852,-0.059767604
420,0.12873498,-0.069573015,0.2653737,-0.1859541,0.16823143,-0.077020526,-0.23781115,0.13164869,0.21072602,-0.25384825,-0.10801005,-0.23273128,0.078842044,0.30333957,0.42331195,-0.100524634
421,0.3116969,0.1587196,0.3044663,-0.025087118,-0.078734875,-0.30870318,-0.25289154,0.5147227,0.27848363,-0.1166482,-0.34246644,-0.19545221,0.040582895,-0.06790137,0.7431934,-0.3063084
422,0.12679356,0.61042315,-0.030725911,-0.33827305,0.09597206,-0.12216735,-0.22926664,0.13154304,-0.29127312,0.14250547,0.16074061,0.084364414,-0.10094535,0.07839674,0.46579868,-0.040106043
423,0.4297732,0.14745837,-0.16329846,-0.44360042,0.49312794,-0.046412826,0.046813488,0.141612,-0.7522652,-0.025936961,-0.14907002,-0.57817876,0.22866464,0.42386615,0.56824845,-0.1382814
424,0.048154414,0.088904336,0.043845057,-0.35693717,0.45458347,0.09167892,-0.17462444,0.2839551,-0.3137787,-0.14842653,-0.11494833,-0.3531884,0.19021732,0.34298593,0.59895664,-0.041026086
425,0.2749802,0.40007496,0.25725725,-0.38734907,-0.08002423,-0.24527895,-0.08572781,-0.062377334,0.49479985,-0.5320773,0.40160704,-0.1717503,-0.7334546,-0.017591119,1.080524,0.16459799
426,0.5931616,-0.15315926,0.06410064,-0.22483301,-0.14435178,-0.0832216,-0.373528,0.032945327,0.2652353,-0.23357987,-0.10940099,0.002660513,-0.06606451,0.40064245,0.61136985,-0.052573442
427,0.168301,0.28335476,-0.12397255,-0.06008935,-0.22143131,-0.17482692,-0.34961998,0.039635956,0.017062962,0.1679128,0.02560851,-0.20981848,0.024735868,0.1007334,0.5814002,-0.2666713
428,0.5353749,0.08981708,0.05539757,-0.23034668,0.3077731,-0.0031169653,-0.18051004,-0.17347516,-0.10091388,-0.12551296,-0.16477609,-0.30885506,0.35664117,0.4734274,0.21411242,-0.3222465
429,0.32843503,0.023679137,-0.0016347244,-0.30128717,0.42289126,-0.09127724,-0.019810438,0.21850166,-0.4364531,-0.05824077,-0.25299144,-0.5132824,0.25544906,0.38602784,0.5087662,-0.23262823
430,0.37965953,0.1179637,0.0070779324,-0.2667551,0.1257172,0.4021703,-0.17033651,0.047483683,-0.39005744,-0.063657075,0.14321953,0.001046896,-0.11804885,0.2975373,0.55228764,-0.016737849
431,0.26577866,-0.058861613,0.07509601,-0.2176156,0.09001446,0.024815738,-0.26948476,0.21436134,-0.063129485,-0.12489134,-0.055082917,-0.18260372,0.027150154,0.27564812,0.5798399,-0.05031404
432,0.08931494,0.05810857,-0.43463326,-1.4502213,0.6876955,-0.18853903,-0.75288486,-0.4489329,0.21097422,-0.27589417,0.39937282,-0.59078526,-1.1075583,0.045331955,1.267302,-1.4154499
433,0.367779,0.27487123,0.017057553,-0.20912004,-0.05562246,0.22597945,-0.18352163,0.04876581,-0.1749878,0.024571836,0.32954955,0.09785819,-0.2584952,0.21116844,0.53441185,0.13824856
434,0.24870294,0.20228359,-0.0689913,-0.34864926,0.028883994,0.16741793,-0.2320891,0.19981994,-0.24219596,0.11817959,0.33129808,0.13094413,-0.10656941,0.24234164,0.46107823,0.16155493
435,0.4449488,0.12262386,-0.04936102,-0.26767182,-0.21055698,0.53428173,-0.27109742,0.12663965,-0.10145998,0.05493492,0.46490842,0.42005563,-0.4531691,0.21213761,0.5954647,0.22030595
436,0.18533759,0.12213114,0.079705685,-0.18463367,0.10507772,0.14316949,-0.2718011,-0.067061394,-0.12904134,-0.19479445,-0.06620486,-0.13080817,-0.008970976,0.24511492,0.46235693,-0.13347778
437,0.31377357,0.27391005,0.08972436,-0.1847328,0.013553262,-0.029853165,-0.11770409,0.38715094,-0.048622012,0.034589946,0.053592682,-0.14999658,-0.18805885,0.040991902,0.7906434,-0.15282667
